0,0.0314108,0.0627905,0.0941083,0.125333,0.156434,0.187381,0.218143,0.24869,0.278991,0.309017,0.338738,0.368125,0.397148,0.425779,0.45399,0.481754,0.509041,0.535827,0.562083,0.587785,0.612907,0.637424,0.661312,0.684547,0.707107,0.728969,0.750111,0.770513,0.790155,0.809017,0.827081,0.844328,0.860742,0.876307,0.891007,0.904827,0.917755,0.929776,0.940881,0.951057,0.960294,0.968583,0.975917,0.982287,0.987688,0.992115,0.995562,0.998027,0.999507,1,0.999507,0.998027,0.995562,0.992115,0.987688,0.982287,0.975917,0.968583,0.960294,0.951057,0.940881,0.929776,0.917755,0.904827,0.891007,0.876307,0.860742,0.844328,0.827081,0.809017,0.790155,0.770513,0.750111,0.728969,0.707107,0.684547,0.661312,0.637424,0.612907,0.587785,0.562083,0.535827,0.509041,0.481754,0.45399,0.425779,0.397148,0.368125,0.338738,0.309017,0.278991,0.24869,0.218143,0.187381,0.156434,0.125333,0.0941083,0.0627905,0.0314108,7.92822e-13
-0.00999983,0.0214146,0.0528076,0.0841485,0.115406,0.14655,0.17755,0.208374,0.238992,0.269375,0.299491,0.329313,0.358809,0.387951,0.41671,0.445058,0.472967,0.500409,0.527357,0.553785,0.579666,0.604975,0.629687,0.653778,0.677224,0.700001,0.722087,0.743461,0.764101,0.783987,0.803099,0.821419,0.838928,0.855609,0.871445,0.886422,0.900524,0.913737,0.926049,0.937446,0.947919,0.957456,0.966048,0.973687,0.980364,0.986075,0.990812,0.994571,0.997349,0.999142,0.99995,0.999771,0.998605,0.996453,0.993318,0.989203,0.984112,0.978049,0.971021,0.963035,0.954099,0.944221,0.933411,0.92168,0.909039,0.895502,0.88108,0.865789,0.849644,0.83266,0.814854,0.796244,0.776849,0.756686,0.735777,0.714142,0.691802,0.66878,0.645097,0.620777,0.595846,0.570326,0.544243,0.517623,0.490492,0.462877,0.434806,0.406305,0.377403,0.348129,0.318512,0.28858,0.258363,0.227891,0.197194,0.166303,0.135248,0.104059,0.0727671,0.0414038,0.00999983
-0.0199987,0.0114163,0.0428194,0.0741802,0.105468,0.136651,0.1677,0.198583,0.22927,0.259731,0.289936,0.319854,0.349457,0.378715,0.407599,0.436081,0.464133,0.491726,0.518835,0.545431,0.571489,0.596983,0.621888,0.646179,0.669832,0.692825,0.715133,0.736736,0.757612,0.77774,0.797101,0.815674,0.833443,0.85039,0.866497,0.881749,0.896131,0.909629,0.922229,0.933918,0.944687,0.954522,0.963416,0.971359,0.978343,0.984362,0.98941,0.993481,0.996571,0.998678,0.9998,0.999935,0.999083,0.997245,0.994422,0.990619,0.985838,0.980084,0.973363,0.965681,0.957046,0.947467,0.936952,0.925513,0.913161,0.899907,0.885765,0.87075,0.854874,0.838156,0.82061,0.802254,0.783106,0.763186,0.742512,0.721106,0.698988,0.67618,0.652705,0.628586,0.603846,0.578511,0.552604,0.526153,0.499182,0.471718,0.443789,0.415422,0.386645,0.357486,0.327974,0.298139,0.26801,0.237616,0.206988,0.176155,0.145148,0.113999,0.0827365,0.0513927,0.0199987
-0.0299955,0.00141676,0.0328269,0.0642046,0.0955188,0.126739,0.157834,0.188773,0.219526,0.250062,0.280351,0.310364,0.340071,0.369442,0.398448,0.427061,0.455252,0.482995,0.51026,0.537022,0.563255,0.588931,0.614026,0.638515,0.662374,0.685579,0.708108,0.729938,0.751047,0.771416,0.791022,0.809849,0.827876,0.845086,0.861462,0.876988,0.891649,0.905429,0.918316,0.930297,0.94136,0.951493,0.960688,0.968934,0.976225,0.982552,0.987909,0.992291,0.995694,0.998114,0.99955,0.999999,0.999461,0.997937,0.995427,0.991936,0.987466,0.982021,0.975607,0.96823,0.959897,0.950618,0.9404,0.929254,0.917191,0.904223,0.890362,0.875623,0.86002,0.843568,0.826283,0.808183,0.789286,0.769609,0.749173,0.727998,0.706104,0.683514,0.660248,0.636331,0.611787,0.586638,0.560911,0.53463,0.507821,0.480511,0.452728,0.424497,0.395847,0.366807,0.337404,0.307669,0.27763,0.247317,0.21676,0.185989,0.155035,0.123927,0.0926976,0.0613765,0.0299955
-0.0399893,-0.00858297,0.0228312,0.0542225,0.0855603,0.116814,0.147952,0.178944,0.209759,0.240368,0.270739,0.300843,0.33065,0.360131,0.389256,0.417998,0.446326,0.474215,0.501635,0.52856,0.554964,0.58082,0.606103,0.630787,0.654849,0.678265,0.701012,0.723066,0.744408,0.765014,0.784865,0.803942,0.822226,0.839698,0.856341,0.87214,0.887077,0.901139,0.914312,0.926583,0.937939,0.948369,0.957864,0.966413,0.974008,0.980643,0.986309,0.991002,0.994717,0.997451,0.9992,0.999963,0.999739,0.998529,0.996333,0.993154,0.988995,0.983859,0.977753,0.970682,0.962653,0.953673,0.943753,0.932901,0.921129,0.908448,0.89487,0.880409,0.865079,0.848895,0.831874,0.814032,0.795386,0.775955,0.755759,0.734817,0.71315,0.690778,0.667726,0.644013,0.619666,0.594707,0.569161,0.543054,0.51641,0.489257,0.461621,0.433529,0.40501,0.376091,0.346801,0.317168,0.287223,0.256994,0.226511,0.195805,0.164906,0.133844,0.102649,0.0713542,0.0399893
-0.0499792,-0.0185819,0.0128331,0.044235,0.0755932,0.106877,0.138055,0.169097,0.199972,0.230649,0.261099,0.291292,0.321197,0.350784,0.380026,0.408893,0.437356,0.465387,0.49296,0.520045,0.546618,0.572651,0.598119,0.622997,0.647259,0.670884,0.693845,0.716123,0.737693,0.758536,0.77863,0.797955,0.816493,0.834225,0.851134,0.867204,0.882417,0.896759,0.910216,0.922775,0.934424,0.94515,0.954944,0.963795,0.971695,0.978636,0.984611,0.989614,0.993641,0.996687,0.99875,0.999827,0.999917,0.999021,0.997138,0.994272,0.990424,0.985599,0.979801,0.973037,0.965312,0.956634,0.947012,0.936456,0.924976,0.912582,0.899288,0.885107,0.870052,0.854138,0.837382,0.819799,0.801407,0.782224,0.762269,0.741562,0.720124,0.697974,0.675136,0.651631,0.627483,0.602716,0.577355,0.551423,0.524947,0.497953,0.470468,0.442519,0.414132,0.385337,0.356162,0.326636,0.296786,0.266645,0.236239,0.205601,0.17476,0.143746,0.112591,0.0813249,0.0499792
-0.059964,-0.0285791,0.00283366,0.034243,0.0656185,0.0969292,0.128144,0.159233,0.190164,0.220908,0.251434,0.281711,0.311711,0.341403,0.370758,0.399747,0.428342,0.456513,0.484235,0.511478,0.538217,0.564425,0.590075,0.615143,0.639605,0.663435,0.68661,0.709108,0.730905,0.751982,0.772316,0.791888,0.810679,0.82867,0.845843,0.862181,0.877668,0.892289,0.90603,0.918876,0.930816,0.941837,0.951928,0.96108,0.969284,0.976531,0.982814,0.988127,0.992465,0.995824,0.9982,0.999591,0.999996,0.999413,0.997844,0.995291,0.991755,0.987241,0.981752,0.975294,0.967874,0.959499,0.950177,0.939917,0.928729,0.916625,0.903617,0.889716,0.874938,0.859296,0.842806,0.825484,0.807348,0.788415,0.768704,0.748234,0.727026,0.7051,0.682479,0.659183,0.635238,0.610665,0.58549,0.559737,0.533432,0.5066,0.479268,0.451464,0.423213,0.394545,0.365488,0.33607,0.306321,0.276269,0.245944,0.215377,0.184597,0.153635,0.122521,0.0912875,0.059964
-0.0699428,-0.0385734,-0.00716609,0.0242477,0.0556373,0.0869719,0.118221,0.149353,0.180338,0.211144,0.241743,0.272103,0.302194,0.331987,0.361452,0.390561,0.419284,0.447594,0.475462,0.50286,0.529762,0.556142,0.581973,0.607229,0.631886,0.655919,0.679305,0.702021,0.724044,0.745353,0.765925,0.785742,0.804784,0.823031,0.840466,0.857072,0.872832,0.88773,0.901752,0.914885,0.927114,0.938429,0.948818,0.95827,0.966776,0.974329,0.980919,0.986542,0.991191,0.994862,0.997551,0.999255,0.999974,0.999706,0.998451,0.99621,0.992987,0.988784,0.983604,0.977454,0.97034,0.962268,0.953246,0.943283,0.93239,0.920577,0.907855,0.894237,0.879736,0.864367,0.848145,0.831087,0.813208,0.794526,0.775061,0.75483,0.733855,0.712156,0.689753,0.66667,0.642929,0.618553,0.593567,0.567995,0.541863,0.515196,0.488021,0.460363,0.432252,0.403714,0.374778,0.345471,0.315824,0.285865,0.255624,0.225131,0.194415,0.163508,0.13244,0.101241,0.0699428
-0.0799147,-0.0485639,-0.0171652,0.0142498,0.0456505,0.077006,0.108285,0.139458,0.170493,0.20136,0.232028,0.262467,0.292647,0.322538,0.352111,0.381336,0.410185,0.438629,0.466641,0.494192,0.521255,0.547804,0.573812,0.599254,0.624104,0.648339,0.671933,0.694865,0.717111,0.738649,0.759458,0.779518,0.798808,0.81731,0.835006,0.851877,0.867908,0.883082,0.897385,0.910802,0.92332,0.934928,0.945612,0.955363,0.964172,0.972029,0.978926,0.984857,0.989817,0.993799,0.996801,0.99882,0.999852,0.999898,0.998957,0.99703,0.994119,0.990228,0.985358,0.979517,0.972709,0.96494,0.95622,0.946556,0.935958,0.924436,0.912002,0.898668,0.884446,0.869352,0.8534,0.836607,0.818987,0.800559,0.781341,0.761352,0.740611,0.71914,0.696959,0.67409,0.650555,0.626379,0.601585,0.576197,0.55024,0.523741,0.496724,0.469217,0.441247,0.412842,0.38403,0.354838,0.325296,0.295433,0.265279,0.234862,0.204214,0.173365,0.142345,0.111184,0.0799147
-0.0898786,-0.0585495,-0.0271626,0.00425055,0.0356591,0.0670323,0.0983393,0.129549,0.160631,0.191555,0.22229,0.252805,0.283071,0.313057,0.342734,0.372073,0.401045,0.429621,0.457773,0.485474,0.512695,0.539411,0.565594,0.591218,0.61626,0.640693,0.664494,0.687639,0.710106,0.731871,0.752915,0.773215,0.792753,0.811508,0.829462,0.846598,0.862898,0.878346,0.892928,0.906628,0.919434,0.931333,0.942312,0.952361,0.961471,0.969631,0.976835,0.983074,0.988344,0.992638,0.995953,0.998284,0.99963,0.999991,0.999364,0.99775,0.995152,0.991573,0.987014,0.981481,0.97498,0.967517,0.959099,0.949734,0.939432,0.928203,0.916058,0.903009,0.889068,0.87425,0.85857,0.842042,0.824683,0.806511,0.787542,0.767796,0.747293,0.726052,0.704095,0.681442,0.658117,0.634143,0.609543,0.584341,0.558562,0.532233,0.505378,0.478024,0.450199,0.421929,0.393243,0.364169,0.334735,0.304971,0.274907,0.24457,0.213993,0.183204,0.152235,0.121117,0.0898786
-0.0998334,-0.0685293,-0.0371574,-0.00574921,0.0256641,0.0570519,0.0883834,0.119628,0.150754,0.181731,0.212529,0.243117,0.273466,0.303544,0.333323,0.362773,0.391865,0.42057,0.44886,0.476708,0.504084,0.530964,0.557319,0.583124,0.608354,0.632983,0.656988,0.680345,0.70303,0.725021,0.746296,0.766835,0.786618,0.805624,0.823835,0.841233,0.857801,0.873522,0.888381,0.902364,0.915456,0.927644,0.938917,0.949264,0.958674,0.967137,0.974646,0.981193,0.986772,0.991377,0.995004,0.997649,0.999309,0.999983,0.99967,0.998371,0.996086,0.992819,0.988571,0.983348,0.977154,0.969996,0.961881,0.952817,0.942812,0.931877,0.920022,0.907259,0.893601,0.879061,0.863654,0.847394,0.830298,0.812382,0.793665,0.774165,0.7539,0.732892,0.71116,0.688726,0.665613,0.641843,0.617439,0.592426,0.566829,0.540672,0.513981,0.486783,0.459105,0.430974,0.402417,0.373464,0.344141,0.314479,0.284507,0.254254,0.22375,0.193025,0.162111,0.131037,0.0998334
-0.109778,-0.0785022,-0.0471485,-0.0157484,0.0156666,0.0470659,0.0784186,0.109694,0.140861,0.171889,0.202747,0.233406,0.263834,0.294001,0.323879,0.353437,0.382645,0.411477,0.439902,0.467893,0.495423,0.522464,0.548988,0.574971,0.600387,0.62521,0.649417,0.672982,0.695883,0.718097,0.739603,0.760379,0.780404,0.79966,0.818126,0.835785,0.852618,0.868611,0.883746,0.898009,0.911386,0.923863,0.935429,0.946072,0.955781,0.964546,0.97236,0.979214,0.985102,0.990017,0.993956,0.996913,0.998887,0.999875,0.999877,0.998891,0.99692,0.993965,0.990029,0.985116,0.97923,0.972379,0.964567,0.955804,0.946098,0.935458,0.923895,0.911419,0.898045,0.883784,0.868651,0.852661,0.835829,0.818173,0.799709,0.780455,0.760432,0.739658,0.718154,0.695942,0.673042,0.649479,0.625274,0.600452,0.575038,0.549057,0.522533,0.495494,0.467965,0.439976,0.411551,0.382721,0.353513,0.323956,0.294079,0.263912,0.233485,0.202827,0.171971,0.140944,0.109778
-0.119712,-0.0884673,-0.0571349,-0.0257462,0.00566747,0.0370751,0.0684459,0.0997492,0.130954,0.16203,0.192946,0.223671,0.254175,0.284429,0.314402,0.344065,0.373388,0.402342,0.4309,0.459033,0.486712,0.513911,0.540603,0.566761,0.59236,0.617375,0.64178,0.665552,0.688667,0.711102,0.732836,0.753846,0.774113,0.793615,0.812335,0.830252,0.847351,0.863613,0.879022,0.893565,0.907225,0.91999,0.931847,0.942785,0.952793,0.961859,0.969977,0.977137,0.983333,0.988559,0.992809,0.996079,0.998366,0.999668,0.999983,0.999312,0.997654,0.995012,0.991388,0.986785,0.981209,0.974664,0.967157,0.958696,0.949289,0.938945,0.927675,0.915488,0.902399,0.888418,0.873562,0.857843,0.841277,0.823881,0.805672,0.786668,0.766888,0.746351,0.725077,0.703088,0.680405,0.65705,0.633047,0.608419,0.58319,0.557387,0.531033,0.504155,0.476779,0.448933,0.420644,0.39194,0.362849,0.3334,0.303622,0.273544,0.243196,0.212609,0.181813,0.150837,0.119712
-0.129634,-0.0984234,-0.0671156,-0.0357414,-0.00433228,0.0270806,0.0584664,0.0897946,0.121034,0.152154,0.183124,0.213914,0.244491,0.274828,0.304894,0.334658,0.364093,0.393168,0.421855,0.450126,0.477953,0.505307,0.532163,0.558494,0.584274,0.609478,0.63408,0.658056,0.681382,0.704036,0.725996,0.747239,0.767744,0.787492,0.806463,0.824637,0.841998,0.858528,0.874211,0.889031,0.902974,0.916025,0.928173,0.939404,0.949709,0.959076,0.967496,0.974962,0.981466,0.987001,0.991562,0.995144,0.997745,0.99936,0.99999,0.999632,0.998289,0.995959,0.992648,0.988356,0.983089,0.976852,0.969651,0.961493,0.952385,0.942339,0.931362,0.919466,0.906662,0.892964,0.878385,0.862938,0.846641,0.829507,0.811555,0.792802,0.773267,0.752968,0.731927,0.710163,0.687699,0.664555,0.640756,0.616324,0.591284,0.565661,0.539479,0.512765,0.485545,0.457846,0.429695,0.40112,0.372149,0.342811,0.313134,0.283148,0.252884,0.22237,0.191637,0.160715,0.129634
-0.139543,-0.10837,-0.0770896,-0.045733,-0.0143316,0.0170833,0.0484811,0.079831,0.111102,0.142264,0.173285,0.204135,0.234783,0.2652,0.295355,0.325219,0.354761,0.383954,0.412768,0.441174,0.469145,0.496653,0.523671,0.550172,0.57613,0.60152,0.626316,0.650493,0.674029,0.6969,0.719083,0.740556,0.761298,0.781289,0.80051,0.81894,0.836562,0.853358,0.869312,0.884408,0.898632,0.911968,0.924405,0.935929,0.94653,0.956196,0.964919,0.97269,0.979501,0.985345,0.990216,0.99411,0.997024,0.998953,0.999896,0.999853,0.998823,0.996807,0.993808,0.989828,0.984871,0.978942,0.972047,0.964193,0.955387,0.945638,0.934956,0.923351,0.910835,0.89742,0.88312,0.867948,0.85192,0.83505,0.817357,0.798857,0.779569,0.759511,0.738704,0.717167,0.694924,0.671994,0.648401,0.624168,0.599319,0.573879,0.547872,0.521324,0.494262,0.466713,0.438703,0.41026,0.381412,0.352187,0.322615,0.292725,0.262546,0.232108,0.201442,0.170577,0.139543
-0.149438,-0.118305,-0.0870558,-0.0557202,-0.0243296,0.00708432,0.0384909,0.0698594,0.101159,0.132359,0.163428,0.194336,0.225052,0.255545,0.285787,0.315747,0.345395,0.374702,0.403639,0.432178,0.460291,0.487949,0.515126,0.541794,0.567928,0.593501,0.618489,0.642866,0.666609,0.689694,0.712098,0.7338,0.754777,0.775009,0.794477,0.81316,0.831041,0.848102,0.864326,0.879697,0.8942,0.90782,0.920545,0.932361,0.943257,0.953222,0.962246,0.97032,0.977437,0.98359,0.988771,0.992977,0.996203,0.998445,0.999703,0.999974,0.999258,0.997556,0.994869,0.991201,0.986554,0.980934,0.974346,0.966796,0.958292,0.948843,0.938456,0.927144,0.914917,0.901787,0.887767,0.872871,0.857113,0.84051,0.823077,0.804832,0.785793,0.765978,0.745407,0.7241,0.702079,0.679365,0.655981,0.631949,0.607293,0.582039,0.55621,0.529831,0.502931,0.475533,0.447667,0.419358,0.390636,0.361528,0.332064,0.302272,0.272182,0.241823,0.211227,0.180421,0.149438
-0.159318,-0.128229,-0.0970133,-0.0657017,-0.0343253,-0.00291542,0.0284969,0.0598809,0.0912058,0.122441,0.153555,0.184517,0.215297,0.245865,0.27619,0.306243,0.335993,0.365412,0.39447,0.423139,0.451391,0.479196,0.506529,0.533362,0.559669,0.585424,0.6106,0.635175,0.659122,0.682419,0.705042,0.72697,0.748179,0.768651,0.788364,0.807299,0.825438,0.842762,0.859254,0.874898,0.889678,0.903581,0.916592,0.928699,0.939889,0.950151,0.959476,0.967854,0.975276,0.981736,0.987227,0.991744,0.995283,0.997838,0.99941,0.999995,0.999593,0.998204,0.995831,0.992475,0.988139,0.982828,0.976548,0.969303,0.961102,0.951952,0.941863,0.930845,0.918907,0.906064,0.892325,0.877706,0.862222,0.845886,0.828715,0.810727,0.791938,0.772367,0.752035,0.730961,0.709165,0.686669,0.663495,0.639667,0.615207,0.590141,0.564492,0.538285,0.511548,0.484306,0.456586,0.428415,0.399821,0.370833,0.341479,0.311788,0.28179,0.251514,0.22099,0.190248,0.159318
-0.169182,-0.13814,-0.106961,-0.0756767,-0.0443175,-0.0129149,0.0185,0.0498963,0.0812434,0.11251,0.143666,0.17468,0.205522,0.23616,0.266566,0.296708,0.326558,0.356086,0.385262,0.414058,0.442445,0.470396,0.497882,0.524877,0.551354,0.577288,0.602651,0.627419,0.651569,0.675075,0.697915,0.720067,0.741507,0.762216,0.782173,0.801358,0.819752,0.837337,0.854095,0.870011,0.885068,0.899252,0.912549,0.924944,0.936427,0.946986,0.95661,0.96529,0.973018,0.979785,0.985585,0.990413,0.994263,0.997131,0.999016,0.999916,0.999828,0.998753,0.996693,0.99365,0.989625,0.984624,0.978652,0.971713,0.963816,0.954967,0.945176,0.934452,0.922806,0.910249,0.896794,0.882454,0.867243,0.851177,0.83427,0.81654,0.798004,0.77868,0.758588,0.737748,0.716179,0.693904,0.670944,0.647321,0.62306,0.598184,0.572717,0.546686,0.520115,0.49303,0.465459,0.437429,0.408967,0.380101,0.350861,0.321274,0.291371,0.26118,0.230732,0.200056,0.169182
-0.17903,-0.148037,-0.116898,-0.0856441,-0.0543053,-0.0229131,0.00850117,0.0399068,0.0712728,0.102569,0.133763,0.164825,0.195725,0.226432,0.256915,0.287144,0.317091,0.346724,0.376015,0.404935,0.433456,0.461548,0.489185,0.51634,0.542985,0.569094,0.594641,0.619602,0.643951,0.667664,0.690719,0.713092,0.734761,0.755705,0.775904,0.795336,0.813984,0.831828,0.848852,0.865038,0.88037,0.894833,0.908414,0.921097,0.932872,0.943726,0.953649,0.96263,0.970662,0.977735,0.983844,0.988982,0.993143,0.996325,0.998523,0.999736,0.999962,0.999202,0.997456,0.994725,0.991013,0.986322,0.980658,0.974026,0.966433,0.957886,0.948394,0.937966,0.926612,0.914344,0.901173,0.887114,0.872179,0.856383,0.839742,0.822272,0.80399,0.784915,0.765066,0.744462,0.723122,0.70107,0.678325,0.654911,0.63085,0.606167,0.580886,0.555031,0.528629,0.501705,0.474286,0.446399,0.418072,0.389331,0.360207,0.330728,0.300922,0.27082,0.24045,0.209844,0.17903
-0.188859,-0.157919,-0.126824,-0.0956029,-0.0642878,-0.0329091,-0.00149849,0.0299133,0.0612952,0.0926167,0.123847,0.154954,0.185909,0.216681,0.247238,0.277552,0.307591,0.337327,0.366731,0.395772,0.424423,0.452654,0.48044,0.507751,0.53456,0.560843,0.586572,0.611722,0.636268,0.660187,0.683454,0.706046,0.727942,0.749119,0.769557,0.789235,0.808134,0.826236,0.843523,0.859977,0.875583,0.890325,0.904188,0.917158,0.929223,0.940372,0.950592,0.959874,0.968209,0.975588,0.982005,0.987452,0.991925,0.995418,0.99793,0.999457,0.999997,0.999551,0.998118,0.995701,0.992301,0.987921,0.982566,0.976242,0.968954,0.960709,0.951517,0.941386,0.930326,0.918348,0.905463,0.891685,0.877026,0.861503,0.845129,0.827921,0.809896,0.791072,0.771467,0.751101,0.729993,0.708165,0.685638,0.662435,0.638577,0.61409,0.588996,0.563321,0.537091,0.51033,0.483066,0.455325,0.427134,0.398522,0.369518,0.340148,0.310444,0.280433,0.250145,0.21961,0.188859
-0.198669,-0.167786,-0.136736,-0.105552,-0.0742638,-0.0429019,-0.011498,0.0199167,0.0513114,0.0826555,0.113918,0.145068,0.176075,0.206908,0.237536,0.267931,0.298061,0.327897,0.357409,0.386569,0.415347,0.443715,0.471646,0.499111,0.526083,0.552536,0.578444,0.603781,0.628522,0.652643,0.67612,0.69893,0.721049,0.742457,0.763133,0.783055,0.802204,0.820562,0.83811,0.854831,0.870709,0.885727,0.899871,0.913127,0.925482,0.936923,0.94744,0.957022,0.965659,0.973343,0.980067,0.985823,0.990607,0.994413,0.997238,0.999078,0.999932,0.9998,0.998681,0.996577,0.993489,0.989421,0.984376,0.97836,0.971377,0.963437,0.954545,0.944712,0.933946,0.922259,0.909661,0.896166,0.881787,0.866537,0.850432,0.833488,0.815721,0.797149,0.777791,0.757665,0.736791,0.71519,0.692883,0.669892,0.64624,0.621951,0.597048,0.571555,0.545499,0.518904,0.491797,0.464205,0.436154,0.407674,0.378791,0.349535,0.319934,0.290017,0.259814,0.229355,0.198669
-0.20846,-0.177635,-0.146635,-0.115491,-0.0842323,-0.0528904,-0.0214965,0.0099181,0.0413225,0.072686,0.103978,0.135167,0.166223,0.197114,0.227811,0.258284,0.288501,0.318434,0.348053,0.377328,0.40623,0.434732,0.462805,0.490421,0.517553,0.544174,0.570258,0.595779,0.620713,0.645034,0.668719,0.691743,0.714085,0.735722,0.756632,0.776797,0.796194,0.814806,0.832614,0.8496,0.865748,0.881041,0.895465,0.909005,0.921648,0.933381,0.944194,0.954074,0.963013,0.971001,0.978032,0.984096,0.98919,0.993308,0.996445,0.998599,0.999767,0.99995,0.999145,0.997354,0.994579,0.990822,0.986087,0.98038,0.973704,0.966068,0.957478,0.947944,0.937474,0.926078,0.913769,0.900558,0.886459,0.871485,0.85565,0.838971,0.821464,0.803147,0.784037,0.764153,0.743515,0.722143,0.700059,0.677283,0.653839,0.62975,0.605039,0.579732,0.553852,0.527426,0.500479,0.473038,0.445131,0.416784,0.388027,0.358886,0.329392,0.299573,0.269458,0.239077,0.20846
-0.21823,-0.187467,-0.15652,-0.125418,-0.0941924,-0.0628736,-0.0314929,-8.15325e-05,0.0313294,0.0627093,0.0940273,0.125252,0.156354,0.187301,0.218063,0.24861,0.278913,0.308939,0.338661,0.368048,0.397072,0.425705,0.453917,0.481682,0.508971,0.535757,0.562015,0.587719,0.612842,0.637361,0.661251,0.684487,0.707049,0.728912,0.750057,0.770461,0.790104,0.808968,0.827034,0.844283,0.8607,0.876267,0.890969,0.904792,0.917722,0.929746,0.940853,0.951031,0.96027,0.968562,0.975898,0.982271,0.987674,0.992103,0.995553,0.99802,0.999502,0.999999,0.999508,0.99803,0.995569,0.992124,0.9877,0.982302,0.975933,0.968602,0.960315,0.95108,0.940907,0.929805,0.917786,0.90486,0.891042,0.876345,0.860783,0.84437,0.827125,0.809064,0.790205,0.770564,0.750164,0.729024,0.707164,0.684606,0.661372,0.637486,0.612971,0.587851,0.56215,0.535895,0.509111,0.481825,0.454063,0.425853,0.397223,0.368202,0.338818,0.309098,0.279074,0.248775,0.21823
-0.227978,-0.19728,-0.166389,-0.135333,-0.104143,-0.0728506,-0.0414861,-0.0100812,0.0213332,0.0527263,0.0840674,0.115325,0.146469,0.177469,0.208294,0.238912,0.269296,0.299413,0.329235,0.358732,0.387875,0.416636,0.444985,0.472895,0.500338,0.527287,0.553716,0.579599,0.60491,0.629624,0.653716,0.677163,0.699942,0.72203,0.743406,0.764047,0.783935,0.803049,0.821371,0.838882,0.855566,0.871405,0.886384,0.900488,0.913704,0.926017,0.937418,0.947892,0.957432,0.966026,0.973667,0.980347,0.98606,0.9908,0.994561,0.997341,0.999138,0.999948,0.999771,0.998608,0.996459,0.993327,0.989214,0.984125,0.978065,0.97104,0.963056,0.954122,0.944246,0.933439,0.92171,0.909072,0.895537,0.881118,0.865829,0.849685,0.832704,0.814901,0.796293,0.776899,0.756739,0.735832,0.714199,0.691861,0.668839,0.645158,0.620841,0.595911,0.570392,0.544311,0.517692,0.490563,0.46295,0.434879,0.406381,0.377481,0.348209,0.318593,0.288663,0.258448,0.227978
-0.237703,-0.207074,-0.176241,-0.145234,-0.114083,-0.0828202,-0.0514753,-0.0200799,0.0113349,0.042738,0.074099,0.105387,0.13657,0.167619,0.198503,0.229191,0.259652,0.289858,0.319777,0.34938,0.378639,0.407524,0.436008,0.46406,0.491655,0.518764,0.545362,0.571422,0.596917,0.621824,0.646116,0.669772,0.692766,0.715076,0.73668,0.757558,0.777688,0.79705,0.815626,0.833397,0.850346,0.866456,0.88171,0.896094,0.909594,0.922197,0.933889,0.944659,0.954497,0.963393,0.971339,0.978325,0.984347,0.989397,0.99347,0.996563,0.998673,0.999797,0.999934,0.999085,0.99725,0.99443,0.990629,0.985851,0.980099,0.97338,0.965701,0.957068,0.947491,0.936979,0.925543,0.913193,0.899942,0.885802,0.870789,0.854916,0.838199,0.820656,0.802302,0.783156,0.763238,0.742566,0.721162,0.699046,0.67624,0.652766,0.628649,0.603911,0.578577,0.552672,0.526222,0.499252,0.47179,0.443862,0.415497,0.386722,0.357566,0.328056,0.298223,0.268095,0.237703
-0.247404,-0.216847,-0.186075,-0.15512,-0.124012,-0.0927816,-0.0614593,-0.0300766,0.00133531,0.0327455,0.0641233,0.0954376,0.126658,0.157753,0.188693,0.219446,0.249983,0.280273,0.310286,0.339993,0.369365,0.398373,0.426987,0.45518,0.482923,0.51019,0.536953,0.563187,0.588864,0.613961,0.638452,0.662313,0.68552,0.70805,0.729882,0.750993,0.771363,0.790972,0.8098,0.827829,0.845042,0.86142,0.876949,0.891611,0.905394,0.918283,0.930267,0.941332,0.951468,0.960664,0.968913,0.976206,0.982535,0.987895,0.99228,0.995685,0.998108,0.999546,0.999998,0.999462,0.997941,0.995435,0.991946,0.987477,0.982035,0.975624,0.968249,0.959919,0.950641,0.940426,0.929283,0.917222,0.904256,0.890398,0.875661,0.86006,0.843611,0.826329,0.808231,0.789335,0.769661,0.749227,0.728053,0.706161,0.683572,0.660309,0.636394,0.611851,0.586704,0.560978,0.534699,0.507891,0.480583,0.452801,0.424572,0.395925,0.366886,0.337486,0.307753,0.277715,0.247404
-0.257081,-0.226598,-0.195891,-0.164991,-0.133929,-0.102734,-0.0714373,-0.0400704,-0.00866442,0.0227496,0.0541411,0.0854789,0.116733,0.147871,0.178863,0.209679,0.240288,0.27066,0.300765,0.330573,0.360055,0.389181,0.417923,0.446253,0.474143,0.501564,0.52849,0.554896,0.580753,0.606038,0.630724,0.654788,0.678205,0.700953,0.72301,0.744352,0.764961,0.784814,0.803893,0.822178,0.839653,0.856299,0.872099,0.887039,0.901103,0.914278,0.926551,0.93791,0.948343,0.957839,0.966391,0.973989,0.980626,0.986294,0.99099,0.994707,0.997443,0.999195,0.999961,0.99974,0.998532,0.996339,0.993163,0.989005,0.983873,0.977769,0.9707,0.962674,0.953697,0.943779,0.93293,0.92116,0.908481,0.894905,0.880446,0.865119,0.848938,0.831919,0.814079,0.795435,0.776006,0.755812,0.734872,0.713206,0.690836,0.667785,0.644075,0.61973,0.594772,0.569228,0.543122,0.51648,0.489328,0.461694,0.433605,0.405088,0.376171,0.346882,0.317252,0.287308,0.257081
-0.266731,-0.236326,-0.205687,-0.174846,-0.143832,-0.112675,-0.0814081,-0.0500602,-0.0186633,0.0127515,0.0441535,0.0755117,0.106796,0.137974,0.169016,0.199892,0.23057,0.26102,0.291213,0.321119,0.350708,0.37995,0.408818,0.437282,0.465315,0.492888,0.519975,0.546549,0.572584,0.598054,0.622933,0.647197,0.670823,0.693787,0.716066,0.737638,0.758482,0.778578,0.797905,0.816445,0.83418,0.851091,0.867162,0.882378,0.896722,0.910182,0.922743,0.934394,0.945123,0.954918,0.963772,0.971674,0.978618,0.984595,0.989601,0.99363,0.996679,0.998744,0.999824,0.999917,0.999023,0.997144,0.99428,0.990435,0.985613,0.979817,0.973055,0.965332,0.956656,0.947037,0.936483,0.925005,0.912614,0.899323,0.885143,0.870091,0.85418,0.837426,0.819845,0.801455,0.782274,0.762322,0.741617,0.720179,0.698032,0.675195,0.651692,0.627546,0.602781,0.577421,0.551491,0.525017,0.498024,0.470541,0.442594,0.41421,0.385417,0.356244,0.326719,0.296872,0.266731
-0.276356,-0.246031,-0.215463,-0.184683,-0.15372,-0.122606,-0.0913707,-0.0600451,-0.0286604,0.00275211,0.0341614,0.0655369,0.0968479,0.128063,0.159152,0.190084,0.220828,0.251354,0.281633,0.311633,0.341326,0.370682,0.399672,0.428268,0.456441,0.484163,0.511408,0.538148,0.564357,0.590009,0.615079,0.639542,0.663373,0.686551,0.70905,0.730849,0.751927,0.772264,0.791838,0.810631,0.828623,0.845798,0.862139,0.877629,0.892252,0.905995,0.918843,0.930785,0.941809,0.951902,0.961056,0.969262,0.976512,0.982797,0.988113,0.992454,0.995815,0.998194,0.999587,0.999995,0.999415,0.997849,0.995298,0.991765,0.987253,0.981767,0.975312,0.967894,0.959521,0.950201,0.939943,0.928758,0.916657,0.90365,0.889752,0.874976,0.859337,0.842849,0.82553,0.807396,0.788464,0.768755,0.748287,0.727081,0.705157,0.682538,0.659244,0.6353,0.61073,0.585556,0.559805,0.533501,0.506671,0.479342,0.451539,0.423291,0.394625,0.36557,0.336154,0.306406,0.276356
-0.285952,-0.255711,-0.225217,-0.194501,-0.163593,-0.132524,-0.101324,-0.0700239,-0.0386547,-0.00724764,0.024166,0.0555556,0.0868905,0.118139,0.149272,0.180257,0.211064,0.241663,0.272024,0.302116,0.33191,0.361376,0.390486,0.41921,0.447521,0.47539,0.502789,0.529693,0.556074,0.581906,0.607164,0.631823,0.655858,0.679246,0.701963,0.723988,0.745298,0.765872,0.785691,0.804735,0.822984,0.840421,0.857029,0.872791,0.887692,0.901717,0.914851,0.927083,0.9384,0.948791,0.958245,0.966754,0.974309,0.980901,0.986527,0.991178,0.994852,0.997543,0.999251,0.999972,0.999707,0.998454,0.996217,0.992996,0.988795,0.983619,0.977471,0.970359,0.962289,0.95327,0.943309,0.932419,0.920607,0.907888,0.894272,0.879774,0.864408,0.848188,0.831132,0.813255,0.794575,0.775112,0.754883,0.733909,0.712212,0.689812,0.66673,0.642991,0.618617,0.593633,0.568063,0.541932,0.515267,0.488094,0.460439,0.43233,0.403794,0.37486,0.345555,0.31591,0.285952
-0.29552,-0.265366,-0.234949,-0.204301,-0.17345,-0.142429,-0.111268,-0.0799958,-0.0486451,-0.0172467,0.0141681,0.0455687,0.0769244,0.108204,0.139377,0.170413,0.201279,0.231948,0.262388,0.292569,0.32246,0.352034,0.381261,0.410111,0.438556,0.466569,0.494121,0.521185,0.547736,0.573745,0.599189,0.62404,0.648277,0.671873,0.694806,0.717054,0.738594,0.759405,0.779466,0.798759,0.817263,0.83496,0.851834,0.867867,0.883044,0.897348,0.910768,0.923288,0.934898,0.945584,0.955338,0.964149,0.972008,0.978907,0.984842,0.989804,0.993789,0.996793,0.998814,0.99985,0.999898,0.99896,0.997036,0.994128,0.990238,0.985372,0.979533,0.972727,0.964961,0.956243,0.946581,0.935985,0.924466,0.912034,0.898702,0.884484,0.869392,0.853442,0.83665,0.819033,0.800607,0.781391,0.761404,0.740665,0.719196,0.697017,0.67415,0.650617,0.626443,0.60165,0.576264,0.550309,0.523811,0.496797,0.469293,0.441325,0.412922,0.384112,0.354922,0.325381,0.29552
-0.305059,-0.274994,-0.244657,-0.214079,-0.18329,-0.15232,-0.1212,-0.0899597,-0.0586307,-0.0272441,0.00416875,0.0355773,0.0669507,0.098258,0.129468,0.160551,0.191475,0.222209,0.252725,0.282992,0.312979,0.342657,0.371997,0.40097,0.429547,0.457701,0.485403,0.512625,0.539342,0.565527,0.591153,0.616196,0.640631,0.664433,0.68758,0.710048,0.731815,0.752861,0.773163,0.792702,0.811459,0.829416,0.846554,0.862856,0.878307,0.89289,0.906593,0.919401,0.931302,0.942283,0.952335,0.961447,0.96961,0.976816,0.983058,0.98833,0.992627,0.995943,0.998278,0.999627,0.99999,0.999365,0.997755,0.99516,0.991582,0.987027,0.981496,0.974997,0.967536,0.959121,0.949758,0.939459,0.928232,0.916089,0.903043,0.889105,0.874289,0.858611,0.842086,0.824729,0.806559,0.787592,0.767848,0.747346,0.726107,0.704152,0.681502,0.658178,0.634206,0.609607,0.584407,0.558631,0.532304,0.505451,0.4781,0.450276,0.422009,0.393325,0.364253,0.334821,0.305059
-0.314567,-0.284594,-0.254341,-0.223837,-0.193111,-0.162195,-0.13112,-0.0999145,-0.0686105,-0.0372389,-0.00583101,0.0255823,0.0569702,0.0883019,0.119546,0.150673,0.181651,0.212449,0.243038,0.273387,0.303466,0.333246,0.362697,0.39179,0.420496,0.448787,0.476636,0.504014,0.530895,0.557251,0.583058,0.608289,0.632921,0.656927,0.680285,0.702971,0.724964,0.746242,0.766783,0.786567,0.805575,0.823788,0.841188,0.857758,0.873482,0.888343,0.902328,0.915422,0.927613,0.938888,0.949237,0.958649,0.967115,0.974626,0.981176,0.986757,0.991365,0.994994,0.997642,0.999304,0.999981,0.999671,0.998374,0.996093,0.992828,0.988583,0.983362,0.977171,0.970015,0.961902,0.952841,0.942838,0.931905,0.920053,0.907293,0.893637,0.879099,0.863694,0.847437,0.830343,0.812429,0.793714,0.774216,0.753953,0.732947,0.711217,0.688785,0.665674,0.641905,0.617504,0.592492,0.566897,0.540743,0.514054,0.486859,0.459183,0.431054,0.402499,0.373547,0.344227,0.314567
-0.324043,-0.294166,-0.263999,-0.233571,-0.202913,-0.172055,-0.141027,-0.109859,-0.0785834,-0.04723,-0.0158302,0.0155848,0.0469841,0.0783371,0.109613,0.14078,0.171808,0.202667,0.233326,0.263755,0.293923,0.323801,0.35336,0.38257,0.411402,0.439829,0.467822,0.495352,0.522394,0.548921,0.574905,0.600322,0.625147,0.649355,0.672922,0.695824,0.71804,0.739548,0.760326,0.780353,0.79961,0.818078,0.835739,0.852575,0.86857,0.883707,0.897972,0.911351,0.923831,0.935399,0.946044,0.955755,0.964523,0.972339,0.979196,0.985086,0.990004,0.993945,0.996906,0.998882,0.999873,0.999877,0.998894,0.996926,0.993973,0.99004,0.985129,0.979246,0.972397,0.964588,0.955827,0.946123,0.935486,0.923925,0.911452,0.89808,0.883821,0.868691,0.852703,0.835873,0.818219,0.799757,0.780506,0.760484,0.739713,0.718211,0.696,0.673102,0.649541,0.625338,0.600518,0.575106,0.549127,0.522606,0.495569,0.468043,0.440055,0.411633,0.382805,0.353598,0.324043
-0.333487,-0.303709,-0.273631,-0.243283,-0.212695,-0.181897,-0.150919,-0.119793,-0.0885485,-0.0572164,-0.0258279,0.0055856,0.0369932,0.0683644,0.0996679,0.130873,0.161949,0.192865,0.223591,0.254096,0.284351,0.314324,0.343988,0.373312,0.402268,0.430827,0.45896,0.486641,0.513841,0.540535,0.566694,0.592295,0.617311,0.641717,0.665491,0.688608,0.711045,0.73278,0.753793,0.774061,0.793565,0.812286,0.830206,0.847307,0.863571,0.878983,0.893527,0.90719,0.919957,0.931817,0.942757,0.952766,0.961835,0.969955,0.977118,0.983316,0.988545,0.992797,0.99607,0.99836,0.999665,0.999983,0.999314,0.99766,0.99502,0.991398,0.986798,0.981224,0.974682,0.967177,0.958719,0.949314,0.938972,0.927704,0.91552,0.902433,0.888455,0.873601,0.857884,0.84132,0.823927,0.80572,0.786718,0.76694,0.746405,0.725133,0.703146,0.680464,0.657111,0.63311,0.608484,0.583258,0.557457,0.531106,0.50423,0.476857,0.449013,0.420726,0.392024,0.362934,0.333487
-0.342898,-0.313221,-0.283236,-0.25297,-0.222455,-0.191721,-0.160797,-0.129715,-0.0985047,-0.067197,-0.035823,-0.00441416,0.0269987,0.0583849,0.0897132,0.120953,0.152073,0.183044,0.213833,0.244412,0.27475,0.304816,0.334581,0.364017,0.393093,0.421781,0.450053,0.477881,0.505237,0.532095,0.558427,0.584209,0.609413,0.634016,0.657994,0.681322,0.703978,0.72594,0.747184,0.767692,0.787441,0.806414,0.82459,0.841954,0.858486,0.874171,0.888993,0.902937,0.915991,0.928141,0.939375,0.949681,0.959051,0.967474,0.974942,0.981448,0.986986,0.99155,0.995135,0.997738,0.999356,0.999989,0.999634,0.998293,0.995967,0.992657,0.988368,0.983104,0.976869,0.96967,0.961514,0.952409,0.942365,0.931391,0.919497,0.906696,0.893,0.878423,0.862979,0.846683,0.829552,0.811602,0.792851,0.773318,0.753022,0.731982,0.71022,0.687758,0.664616,0.640819,0.616389,0.591352,0.565731,0.539552,0.51284,0.485623,0.457926,0.429777,0.401204,0.372234,0.342898
-0.352274,-0.322702,-0.292812,-0.262632,-0.232194,-0.201526,-0.170659,-0.139624,-0.108451,-0.077171,-0.0458146,-0.0144135,0.0170015,0.0483994,0.0797494,0.111021,0.142182,0.173204,0.204054,0.234703,0.265121,0.295277,0.325142,0.354685,0.383879,0.412694,0.441101,0.469074,0.496583,0.523602,0.550104,0.576064,0.601454,0.626252,0.650431,0.673969,0.696841,0.719026,0.740501,0.761245,0.781238,0.80046,0.818892,0.836516,0.853314,0.869271,0.884369,0.898594,0.911933,0.924372,0.935899,0.946502,0.95617,0.964896,0.972669,0.979482,0.985329,0.990203,0.9941,0.997016,0.998948,0.999895,0.999854,0.998827,0.996814,0.993817,0.989839,0.984885,0.978958,0.972065,0.964213,0.95541,0.945663,0.934984,0.923382,0.910868,0.897456,0.883158,0.867988,0.851962,0.835095,0.817403,0.798905,0.779619,0.759564,0.738759,0.717224,0.694982,0.672054,0.648463,0.624233,0.599387,0.573949,0.547945,0.521399,0.49434,0.466792,0.438784,0.410343,0.381497,0.352274
-0.361615,-0.332151,-0.302359,-0.272268,-0.241909,-0.21131,-0.180504,-0.149519,-0.118387,-0.0871372,-0.0558017,-0.0244115,0.00700252,0.0384092,0.0697777,0.101077,0.132277,0.163347,0.194255,0.224972,0.255466,0.285709,0.315669,0.345318,0.374626,0.403565,0.432105,0.460219,0.487878,0.515056,0.541726,0.567861,0.593436,0.618425,0.642804,0.666548,0.689635,0.712041,0.733744,0.754723,0.774957,0.794426,0.813112,0.830995,0.848058,0.864284,0.879657,0.894162,0.907784,0.920511,0.93233,0.943228,0.953195,0.962222,0.970299,0.977418,0.983573,0.988757,0.992966,0.996194,0.99844,0.9997,0.999974,0.999261,0.997562,0.994877,0.991211,0.986568,0.98095,0.974364,0.966816,0.958315,0.948867,0.938484,0.927174,0.914949,0.901822,0.887804,0.87291,0.857155,0.840553,0.823123,0.80488,0.785843,0.76603,0.745461,0.724156,0.702138,0.679426,0.656043,0.632014,0.607361,0.582109,0.556282,0.529907,0.503008,0.475613,0.447748,0.419442,0.390722,0.361615
-0.37092,-0.341566,-0.311875,-0.281876,-0.251599,-0.221074,-0.19033,-0.159399,-0.12831,-0.0970947,-0.0657832,-0.034407,-0.00299718,0.028415,0.059799,0.0911241,0.122359,0.153474,0.184436,0.215217,0.245786,0.276112,0.306165,0.335916,0.365336,0.394396,0.423066,0.451318,0.479125,0.506459,0.533294,0.559602,0.585357,0.610536,0.635111,0.65906,0.682359,0.704984,0.726913,0.748125,0.768599,0.788313,0.807251,0.825391,0.842717,0.859211,0.874857,0.88964,0.903545,0.916558,0.928667,0.939859,0.950124,0.959451,0.967831,0.975256,0.981719,0.987213,0.991732,0.995273,0.997832,0.999406,0.999994,0.999595,0.998209,0.995838,0.992485,0.988152,0.982843,0.976565,0.969322,0.961124,0.951976,0.94189,0.930874,0.918939,0.906097,0.892361,0.877745,0.862262,0.845928,0.82876,0.810774,0.791987,0.772419,0.752089,0.731016,0.709223,0.686729,0.663557,0.639732,0.615275,0.590211,0.564564,0.538361,0.511626,0.484385,0.456667,0.428499,0.399907,0.37092
-0.380188,-0.350948,-0.321361,-0.291457,-0.261265,-0.230815,-0.200138,-0.169263,-0.138221,-0.107042,-0.0757582,-0.0443991,-0.0129966,0.018418,0.0498144,0.0811617,0.112429,0.143585,0.174599,0.205441,0.236081,0.266487,0.29663,0.326481,0.35601,0.385187,0.413984,0.442373,0.470324,0.497812,0.524808,0.551287,0.577221,0.602586,0.627356,0.651507,0.675015,0.697857,0.72001,0.741452,0.762163,0.782122,0.801308,0.819704,0.837291,0.854052,0.86997,0.885029,0.899215,0.912514,0.924912,0.936397,0.946958,0.956584,0.965267,0.972997,0.979767,0.98557,0.9904,0.994253,0.997124,0.999012,0.999914,0.999829,0.998757,0.9967,0.993659,0.989637,0.984639,0.978668,0.971732,0.963837,0.95499,0.945202,0.93448,0.922837,0.910282,0.89683,0.882492,0.867283,0.851219,0.834314,0.816587,0.798053,0.778731,0.758642,0.737803,0.716237,0.693964,0.671005,0.647386,0.623128,0.598254,0.57279,0.546761,0.520192,0.49311,0.465541,0.437512,0.409052,0.380188
-0.389418,-0.360294,-0.330814,-0.301008,-0.270904,-0.240534,-0.209925,-0.17911,-0.148118,-0.11698,-0.0857256,-0.0543869,-0.0229948,0.00841918,0.0398247,0.0711911,0.102487,0.133682,0.164745,0.195645,0.226352,0.256836,0.287066,0.317013,0.346648,0.37594,0.404861,0.433383,0.461476,0.489114,0.51627,0.542916,0.569027,0.594576,0.619537,0.643888,0.667604,0.69066,0.713035,0.734706,0.755652,0.775852,0.795286,0.813936,0.831782,0.848808,0.864995,0.88033,0.894795,0.908378,0.921064,0.932841,0.943697,0.953622,0.962606,0.97064,0.977717,0.983828,0.988968,0.993133,0.996317,0.998518,0.999734,0.999963,0.999205,0.997462,0.994733,0.991023,0.986335,0.980673,0.974044,0.966453,0.957909,0.948419,0.937993,0.926642,0.914377,0.901208,0.887151,0.872218,0.856424,0.839785,0.822318,0.804039,0.784966,0.765119,0.744516,0.723179,0.701129,0.678387,0.654975,0.630917,0.606237,0.580958,0.555107,0.528706,0.501785,0.474368,0.446482,0.418157,0.389418
-0.398609,-0.369604,-0.340235,-0.310529,-0.280517,-0.250228,-0.219692,-0.188939,-0.158,-0.126905,-0.0956844,-0.0643692,-0.0329908,-0.00158053,0.0298311,0.0612134,0.092535,0.123765,0.154874,0.185829,0.216601,0.247159,0.277473,0.307514,0.337251,0.366655,0.395697,0.424349,0.452582,0.480368,0.507681,0.534491,0.560775,0.586506,0.611657,0.636205,0.660126,0.683394,0.705988,0.727885,0.749064,0.769504,0.789184,0.808086,0.82619,0.843478,0.859935,0.875542,0.890286,0.904151,0.917123,0.929192,0.940342,0.950565,0.959849,0.968187,0.975569,0.981988,0.987438,0.991913,0.99541,0.997924,0.999454,0.999997,0.999553,0.998124,0.995708,0.99231,0.987933,0.982581,0.976259,0.968973,0.960732,0.951541,0.941413,0.930355,0.918379,0.905497,0.891721,0.877065,0.861543,0.845172,0.827967,0.809944,0.791122,0.771519,0.751155,0.73005,0.708224,0.6857,0.662499,0.638644,0.614159,0.589069,0.563397,0.537168,0.510409,0.483147,0.455408,0.427219,0.398609
-0.40776,-0.378878,-0.349621,-0.320019,-0.290101,-0.259897,-0.229436,-0.198749,-0.167866,-0.136817,-0.105634,-0.0743451,-0.0429836,-0.0115801,0.0198346,0.0512295,0.0825738,0.113836,0.144987,0.175994,0.206828,0.237457,0.267853,0.297984,0.32782,0.357334,0.386494,0.415273,0.443643,0.471574,0.49904,0.526013,0.552468,0.578377,0.603716,0.628459,0.652581,0.67606,0.698871,0.720992,0.742402,0.76308,0.783004,0.802155,0.820515,0.838064,0.854788,0.870667,0.885688,0.899834,0.913092,0.925449,0.936893,0.947412,0.956996,0.965636,0.973323,0.980049,0.985808,0.990595,0.994404,0.997231,0.999074,0.999931,0.999801,0.998686,0.996584,0.993498,0.989433,0.98439,0.978376,0.971396,0.963458,0.954569,0.944738,0.933975,0.92229,0.909694,0.896202,0.881824,0.866577,0.850474,0.833533,0.815768,0.797198,0.777842,0.757718,0.736847,0.715249,0.692944,0.669957,0.646307,0.622021,0.59712,0.57163,0.545576,0.518983,0.491878,0.464288,0.436239,0.40776
-0.416871,-0.388113,-0.358972,-0.329477,-0.299656,-0.26954,-0.239158,-0.20854,-0.177716,-0.146716,-0.115572,-0.0843137,-0.0529721,-0.0215785,0.00983599,0.0412405,0.0726044,0.103896,0.135086,0.166142,0.197034,0.227732,0.258205,0.288423,0.318357,0.347977,0.377253,0.406156,0.434659,0.462733,0.49035,0.517483,0.544106,0.570191,0.595714,0.620649,0.644972,0.668658,0.691684,0.714027,0.735666,0.756579,0.776745,0.796144,0.814758,0.832567,0.849555,0.865705,0.881001,0.895427,0.908969,0.921615,0.93335,0.944165,0.954048,0.962989,0.97098,0.978013,0.98408,0.989177,0.993298,0.996437,0.998594,0.999766,0.99995,0.999148,0.99736,0.994587,0.990833,0.986101,0.980395,0.973722,0.966089,0.957501,0.947969,0.937501,0.926108,0.913801,0.900593,0.886496,0.871524,0.855692,0.839016,0.821511,0.803195,0.784088,0.764206,0.74357,0.722201,0.70012,0.677347,0.653906,0.62982,0.605112,0.579807,0.553929,0.527505,0.50056,0.473121,0.445216,0.416871
-0.425939,-0.397309,-0.368287,-0.338902,-0.309182,-0.279156,-0.248856,-0.21831,-0.187548,-0.156601,-0.125499,-0.0942738,-0.0629553,-0.0315749,-0.000163602,0.0312474,0.0626276,0.0939457,0.125171,0.156273,0.187221,0.217984,0.248532,0.278835,0.308862,0.338585,0.367973,0.396998,0.425632,0.453845,0.48161,0.5089,0.535689,0.561948,0.587653,0.612778,0.637298,0.661189,0.684427,0.706991,0.728856,0.750002,0.770408,0.790053,0.808919,0.826986,0.844238,0.860657,0.876226,0.89093,0.904755,0.917688,0.929714,0.940823,0.951004,0.960246,0.96854,0.975879,0.982254,0.987661,0.992092,0.995544,0.998014,0.9995,0.999998,0.99951,0.998036,0.995576,0.992134,0.987713,0.982316,0.975951,0.968622,0.960337,0.951105,0.940934,0.929834,0.917817,0.904894,0.891078,0.876384,0.860824,0.844414,0.827171,0.809112,0.790255,0.770618,0.75022,0.729082,0.707225,0.68467,0.661439,0.637555,0.613043,0.587925,0.562227,0.535974,0.509192,0.481908,0.454148,0.425939
-0.434966,-0.406466,-0.377566,-0.348293,-0.318676,-0.288745,-0.258529,-0.228057,-0.197361,-0.166469,-0.135414,-0.104224,-0.0729323,-0.0415681,-0.0101632,0.0212512,0.0526445,0.0839858,0.115244,0.146389,0.177389,0.208214,0.238834,0.269218,0.299336,0.329159,0.358657,0.387801,0.416562,0.444912,0.472823,0.500267,0.527218,0.553649,0.579533,0.604845,0.62956,0.653654,0.677103,0.699883,0.721973,0.743351,0.763994,0.783884,0.803,0.821323,0.838836,0.855522,0.871363,0.886344,0.900451,0.913669,0.925985,0.937387,0.947865,0.957407,0.966004,0.973647,0.98033,0.986046,0.990788,0.994552,0.997335,0.999134,0.999947,0.999773,0.998612,0.996466,0.993336,0.989226,0.98414,0.978082,0.971059,0.963077,0.954146,0.944273,0.933467,0.921741,0.909105,0.895572,0.881156,0.86587,0.849729,0.832749,0.814948,0.796343,0.776952,0.756794,0.73589,0.71426,0.691924,0.668906,0.645228,0.620912,0.595984,0.570469,0.544389,0.517773,0.490646,0.463034,0.434966
-0.443948,-0.415583,-0.386807,-0.357649,-0.328139,-0.298304,-0.268176,-0.237782,-0.207154,-0.176321,-0.145315,-0.114165,-0.0829019,-0.0515571,-0.0201619,0.0112528,0.0426562,0.0740175,0.105306,0.13649,0.167539,0.198423,0.229112,0.259574,0.28978,0.3197,0.349305,0.378564,0.40745,0.435934,0.463988,0.491584,0.518695,0.545294,0.571355,0.596852,0.62176,0.646054,0.66971,0.692706,0.715018,0.736625,0.757504,0.777636,0.797,0.815578,0.833351,0.850302,0.866413,0.88167,0.896056,0.909559,0.922163,0.933858,0.944631,0.954472,0.96337,0.971318,0.978307,0.984332,0.989384,0.99346,0.996556,0.998668,0.999795,0.999935,0.999088,0.997256,0.994439,0.99064,0.985864,0.980115,0.973398,0.965721,0.957091,0.947517,0.937007,0.925573,0.913225,0.899976,0.88584,0.870829,0.854958,0.838244,0.820702,0.802351,0.783208,0.763293,0.742624,0.721223,0.699109,0.676306,0.652835,0.62872,0.603984,0.578653,0.55275,0.526302,0.499334,0.471874,0.443948
-0.452886,-0.424657,-0.396009,-0.36697,-0.337569,-0.307834,-0.277796,-0.247483,-0.216927,-0.186156,-0.155201,-0.124094,-0.0928633,-0.0615411,-0.0301585,0.0012533,0.0326636,0.0640418,0.0953563,0.126577,0.157673,0.188613,0.219367,0.249904,0.280195,0.310209,0.339917,0.36929,0.398298,0.426913,0.455107,0.482852,0.510119,0.536885,0.56312,0.588799,0.613897,0.638389,0.662251,0.68546,0.707992,0.729825,0.750938,0.77131,0.79092,0.809751,0.827782,0.844996,0.861377,0.876907,0.891573,0.905357,0.918249,0.930235,0.941302,0.951441,0.96064,0.968892,0.976187,0.98252,0.987882,0.992269,0.995677,0.998103,0.999544,0.999997,0.999465,0.997946,0.995442,0.991956,0.98749,0.98205,0.97564,0.968269,0.959941,0.950666,0.940453,0.929312,0.917253,0.90429,0.890435,0.875701,0.860102,0.843655,0.826375,0.80828,0.789387,0.769715,0.749284,0.728114,0.706225,0.683638,0.660377,0.636465,0.611924,0.58678,0.561056,0.534779,0.507973,0.480667,0.452886
-0.461779,-0.433689,-0.405171,-0.376254,-0.346965,-0.317333,-0.287388,-0.25716,-0.226678,-0.195971,-0.165072,-0.13401,-0.102815,-0.0715189,-0.0401523,-0.00874636,0.0226678,0.0540596,0.0853975,0.116651,0.14779,0.178783,0.2096,0.24021,0.270582,0.300688,0.330496,0.359979,0.389106,0.417849,0.44618,0.474071,0.501493,0.528422,0.554828,0.580687,0.605973,0.63066,0.654726,0.678145,0.700894,0.722952,0.744297,0.764907,0.784762,0.803843,0.82213,0.839606,0.856254,0.872057,0.887,0.901066,0.914244,0.926519,0.93788,0.948315,0.957814,0.966369,0.973969,0.980609,0.98628,0.990979,0.994699,0.997437,0.999192,0.99996,0.999741,0.998537,0.996346,0.993172,0.989018,0.983887,0.977785,0.970719,0.962695,0.95372,0.943805,0.932958,0.92119,0.908514,0.894941,0.880485,0.86516,0.848981,0.831965,0.814127,0.795486,0.776061,0.755869,0.734932,0.713269,0.690903,0.667854,0.644146,0.619803,0.594848,0.569306,0.543202,0.516562,0.489412,0.461779
-0.470626,-0.442678,-0.414293,-0.3855,-0.356326,-0.3268,-0.296952,-0.26681,-0.236406,-0.205767,-0.174926,-0.143913,-0.112757,-0.0814897,-0.050142,-0.0187452,0.0126696,0.044072,0.0754302,0.106714,0.137893,0.168936,0.199812,0.230491,0.260942,0.291136,0.321042,0.350632,0.379875,0.408743,0.437209,0.465243,0.492817,0.519906,0.546481,0.572517,0.597988,0.622868,0.647135,0.670762,0.693727,0.716008,0.737582,0.758428,0.778525,0.797855,0.816396,0.834133,0.851046,0.86712,0.882338,0.896684,0.910146,0.92271,0.934364,0.945095,0.954893,0.963749,0.971654,0.9786,0.984581,0.989589,0.993621,0.996672,0.998741,0.999823,0.999918,0.999027,0.99715,0.994288,0.990446,0.985626,0.979832,0.973073,0.965353,0.956679,0.947062,0.936511,0.925035,0.912647,0.899358,0.885182,0.870131,0.854223,0.837471,0.819893,0.801506,0.782328,0.762379,0.741677,0.720243,0.698098,0.675263,0.651763,0.627619,0.602856,0.577498,0.551571,0.525098,0.498108,0.470626
-0.479426,-0.451623,-0.423374,-0.394707,-0.365651,-0.336235,-0.306486,-0.276434,-0.24611,-0.215543,-0.184763,-0.153801,-0.122687,-0.0914522,-0.0601268,-0.0287422,0.00267026,0.0340799,0.0654554,0.0967666,0.127982,0.159072,0.190004,0.220749,0.251276,0.281555,0.311556,0.34125,0.370606,0.399597,0.428194,0.456368,0.484092,0.511338,0.53808,0.56429,0.589943,0.615014,0.639479,0.663312,0.68649,0.708991,0.730793,0.751872,0.77221,0.791786,0.810581,0.828575,0.845753,0.862096,0.877588,0.892213,0.905958,0.91881,0.930754,0.94178,0.951876,0.961033,0.969242,0.976494,0.982782,0.988101,0.992444,0.995808,0.998189,0.999585,0.999995,0.999418,0.997854,0.995306,0.991775,0.987266,0.981781,0.975329,0.967914,0.959543,0.950225,0.93997,0.928788,0.916689,0.903685,0.88979,0.875016,0.859379,0.842894,0.825577,0.807446,0.788518,0.768812,0.748347,0.727144,0.705223,0.682605,0.659314,0.635373,0.610804,0.585633,0.559884,0.533583,0.506754,0.479426
-0.488177,-0.460522,-0.432412,-0.403876,-0.374941,-0.345636,-0.315989,-0.286031,-0.25579,-0.225297,-0.194582,-0.163675,-0.132606,-0.101406,-0.0701055,-0.0387364,-0.0073294,0.0240843,0.0554741,0.0868093,0.118059,0.149192,0.180177,0.210985,0.241585,0.271946,0.302039,0.331833,0.3613,0.39041,0.419136,0.447448,0.475318,0.502719,0.529624,0.556006,0.58184,0.607099,0.631759,0.655796,0.679185,0.701904,0.72393,0.745242,0.765819,0.785639,0.804685,0.822936,0.840375,0.856986,0.87275,0.887653,0.90168,0.914817,0.927051,0.93837,0.948764,0.958221,0.966733,0.97429,0.980885,0.986513,0.991168,0.994844,0.997538,0.999248,0.999972,0.999708,0.998459,0.996223,0.993005,0.988807,0.983633,0.977487,0.970378,0.96231,0.953293,0.943335,0.932447,0.920639,0.907922,0.894308,0.879813,0.864449,0.848233,0.831179,0.813305,0.794629,0.775168,0.754943,0.733972,0.712277,0.689879,0.6668,0.643063,0.618691,0.59371,0.568142,0.542013,0.51535,0.488177
-0.49688,-0.469375,-0.441407,-0.413003,-0.384192,-0.355002,-0.325461,-0.295598,-0.265445,-0.235029,-0.204381,-0.173531,-0.14251,-0.111349,-0.0800773,-0.0487267,-0.0173284,0.0140864,0.0454872,0.0768432,0.108123,0.139297,0.170333,0.2012,0.231869,0.26231,0.292491,0.322383,0.351958,0.381185,0.410036,0.438483,0.466497,0.49405,0.521116,0.547667,0.573678,0.599123,0.623976,0.648214,0.671812,0.694746,0.716995,0.738537,0.75935,0.779414,0.798708,0.817213,0.834913,0.851789,0.867825,0.883004,0.897311,0.910733,0.923256,0.934867,0.945557,0.955313,0.964127,0.971988,0.978891,0.984827,0.989792,0.99378,0.996787,0.99881,0.999848,0.999899,0.998964,0.997042,0.994136,0.990249,0.985385,0.979548,0.972745,0.964981,0.956266,0.946606,0.936013,0.924497,0.912068,0.898738,0.884522,0.869433,0.853486,0.836697,0.819083,0.80066,0.781447,0.761463,0.740727,0.719261,0.697084,0.674219,0.650689,0.626517,0.601727,0.576343,0.55039,0.523893,0.49688
-0.505533,-0.478182,-0.450358,-0.42209,-0.393405,-0.364332,-0.3349,-0.305137,-0.275072,-0.244737,-0.21416,-0.183371,-0.152401,-0.121281,-0.0900411,-0.0587122,-0.0273257,0.00408697,0.0354958,0.0668695,0.0981771,0.129388,0.160471,0.191395,0.222131,0.252647,0.282914,0.312902,0.342581,0.371922,0.400896,0.429474,0.457629,0.485331,0.512555,0.539273,0.565459,0.591087,0.616131,0.640567,0.664371,0.687519,0.709989,0.731758,0.752806,0.77311,0.792651,0.81141,0.829368,0.846508,0.862813,0.878266,0.892852,0.906558,0.919368,0.931271,0.942255,0.952309,0.961424,0.969589,0.976798,0.983043,0.988318,0.992617,0.995936,0.998273,0.999625,0.99999,0.999368,0.99776,0.995167,0.991592,0.987039,0.981511,0.975015,0.967556,0.959143,0.949783,0.939486,0.928262,0.916122,0.903078,0.889143,0.87433,0.858655,0.842132,0.824779,0.806611,0.787648,0.767907,0.747409,0.726172,0.704219,0.681571,0.65825,0.63428,0.609684,0.584486,0.558711,0.532385,0.505533
-0.514136,-0.48694,-0.459264,-0.431134,-0.402579,-0.373627,-0.344306,-0.314644,-0.284673,-0.25442,-0.223917,-0.193192,-0.162276,-0.131201,-0.0999959,-0.0686919,-0.0373204,-0.0059128,0.0255009,0.0568891,0.088221,0.119466,0.150593,0.181571,0.21237,0.242959,0.273309,0.303389,0.333169,0.362621,0.391715,0.420422,0.448715,0.476564,0.503943,0.530825,0.557183,0.582991,0.608224,0.632857,0.656864,0.680224,0.702912,0.724906,0.746186,0.766729,0.786515,0.805525,0.82374,0.841142,0.857714,0.873441,0.888304,0.902292,0.915388,0.927581,0.938859,0.949211,0.958625,0.967094,0.974608,0.98116,0.986744,0.991355,0.994986,0.997636,0.999302,0.999981,0.999673,0.998379,0.996099,0.992837,0.988595,0.983376,0.977187,0.970034,0.961924,0.952864,0.942865,0.931935,0.920085,0.907327,0.893674,0.879139,0.863737,0.847483,0.830392,0.812482,0.79377,0.774274,0.754015,0.733011,0.711284,0.688854,0.665745,0.641979,0.61758,0.592571,0.566977,0.540823,0.514136
-0.522687,-0.49565,-0.468124,-0.440136,-0.411713,-0.382884,-0.353677,-0.324121,-0.294244,-0.264078,-0.233651,-0.202994,-0.172136,-0.141108,-0.109941,-0.0786647,-0.0473114,-0.0159119,0.0155033,0.046903,0.0782561,0.109532,0.1407,0.171728,0.202588,0.233247,0.263676,0.293845,0.323724,0.353284,0.382495,0.411328,0.439756,0.467749,0.495281,0.522324,0.548852,0.574838,0.600256,0.625083,0.649292,0.67286,0.695764,0.717982,0.739492,0.760271,0.7803,0.799559,0.818029,0.835692,0.852531,0.868528,0.883668,0.897936,0.911317,0.923799,0.93537,0.946017,0.955731,0.964502,0.97232,0.979179,0.985072,0.989993,0.993936,0.996899,0.998878,0.999872,0.999878,0.998898,0.996931,0.993982,0.990051,0.985143,0.979262,0.972415,0.964609,0.955851,0.946149,0.935514,0.923956,0.911486,0.898117,0.883861,0.868733,0.852749,0.835923,0.818271,0.799812,0.780564,0.760546,0.739776,0.718277,0.696069,0.673173,0.649614,0.625414,0.600596,0.575186,0.549208,0.522687
-0.531186,-0.50431,-0.476937,-0.449093,-0.420805,-0.392102,-0.363013,-0.333564,-0.303787,-0.27371,-0.243363,-0.212775,-0.181978,-0.151001,-0.119874,-0.0886297,-0.0572977,-0.0259095,0.0055042,0.0369121,0.0682834,0.0995872,0.130793,0.161869,0.192786,0.223512,0.254017,0.284272,0.314247,0.343912,0.373236,0.402193,0.430753,0.458888,0.486569,0.513771,0.540466,0.566627,0.592229,0.617246,0.641654,0.665429,0.688547,0.710986,0.732723,0.753737,0.774007,0.793514,0.812237,0.830159,0.847261,0.863528,0.878943,0.89349,0.907154,0.919924,0.931787,0.942729,0.952741,0.961813,0.969935,0.977101,0.983302,0.988532,0.992787,0.996063,0.998355,0.999663,0.999983,0.999317,0.997664,0.995027,0.991408,0.986811,0.981239,0.974699,0.967197,0.958741,0.949339,0.939,0.927734,0.915554,0.902469,0.888494,0.873643,0.857929,0.84137,0.823979,0.805775,0.786776,0.767,0.746468,0.725199,0.703214,0.680535,0.657184,0.633185,0.608562,0.583337,0.557537,0.531186
-0.539632,-0.51292,-0.485702,-0.458005,-0.429856,-0.401282,-0.372312,-0.342975,-0.313299,-0.283314,-0.25305,-0.222535,-0.191801,-0.160878,-0.129796,-0.0985858,-0.0672784,-0.0359045,-0.00449552,0.0269176,0.0583039,0.0896324,0.120873,0.151993,0.182964,0.213754,0.244333,0.274671,0.304738,0.334505,0.363941,0.393018,0.421707,0.44998,0.477809,0.505166,0.532026,0.55836,0.584142,0.609348,0.633952,0.657931,0.681261,0.703919,0.725882,0.747128,0.767637,0.787389,0.806364,0.824542,0.841908,0.858442,0.87413,0.888954,0.902901,0.915958,0.92811,0.939346,0.949655,0.959028,0.967453,0.974924,0.981433,0.986973,0.991539,0.995127,0.997732,0.999354,0.999988,0.999636,0.998297,0.995973,0.992666,0.98838,0.983117,0.976885,0.969689,0.961536,0.952434,0.942392,0.93142,0.91953,0.906731,0.893039,0.878465,0.863024,0.846732,0.829604,0.811657,0.792909,0.773379,0.753085,0.732048,0.710289,0.687828,0.664689,0.640894,0.616466,0.59143,0.56581,0.539632
-0.548024,-0.521479,-0.494419,-0.466871,-0.438863,-0.410421,-0.381574,-0.352351,-0.32278,-0.29289,-0.262711,-0.232273,-0.201606,-0.17074,-0.139705,-0.108532,-0.0772523,-0.0458959,-0.0144948,0.0169203,0.0483185,0.0796687,0.11094,0.142102,0.173124,0.203975,0.234624,0.265043,0.295199,0.325065,0.354609,0.383804,0.412619,0.441028,0.469001,0.496511,0.523532,0.550036,0.575996,0.601389,0.626187,0.650368,0.673907,0.696781,0.718967,0.740444,0.761191,0.781186,0.80041,0.818843,0.83647,0.853271,0.86923,0.88433,0.898558,0.9119,0.924341,0.93587,0.946475,0.956147,0.964875,0.97265,0.979466,0.985315,0.990192,0.994091,0.99701,0.998945,0.999893,0.999855,0.99883,0.99682,0.993825,0.98985,0.984898,0.978974,0.972084,0.964235,0.955434,0.94569,0.935013,0.923414,0.910903,0.897494,0.883199,0.868033,0.85201,0.835146,0.817458,0.798963,0.779679,0.759626,0.738824,0.717292,0.695052,0.672127,0.648538,0.624309,0.599464,0.574027,0.548024
-0.556361,-0.529985,-0.503086,-0.475691,-0.447826,-0.419519,-0.390798,-0.361692,-0.332229,-0.302437,-0.272347,-0.241988,-0.21139,-0.180584,-0.1496,-0.118468,-0.0872184,-0.0558828,-0.0244927,0.00692134,0.0383282,0.069697,0.100997,0.132197,0.163267,0.194175,0.224892,0.255387,0.285631,0.315592,0.345242,0.374551,0.40349,0.432031,0.460146,0.487807,0.514986,0.541657,0.567794,0.593369,0.61836,0.642739,0.666485,0.689573,0.711981,0.733686,0.754668,0.774904,0.794375,0.813063,0.830948,0.848014,0.864243,0.879617,0.894125,0.90775,0.920479,0.9323,0.9432,0.95317,0.9622,0.970279,0.977401,0.983558,0.988746,0.992956,0.996187,0.998436,0.999698,0.999974,0.999264,0.997566,0.994885,0.991222,0.98658,0.980964,0.974382,0.966837,0.958338,0.948893,0.938512,0.927206,0.914984,0.901859,0.887845,0.872955,0.857203,0.840605,0.823177,0.804937,0.785902,0.766092,0.745526,0.724224,0.702207,0.679497,0.656117,0.632089,0.607438,0.582187,0.556361
-0.564642,-0.538439,-0.511704,-0.484463,-0.456745,-0.428576,-0.399984,-0.370997,-0.341644,-0.311953,-0.281955,-0.251679,-0.221154,-0.19041,-0.159479,-0.128391,-0.0971758,-0.0658641,-0.0344881,-0.00307836,0.0283341,0.0597183,0.0910434,0.122279,0.153393,0.184356,0.215138,0.245707,0.276034,0.306088,0.33584,0.36526,0.394321,0.422992,0.451245,0.479053,0.506389,0.533225,0.559534,0.58529,0.61047,0.635047,0.658997,0.682297,0.704924,0.726855,0.748069,0.768545,0.788262,0.807201,0.825343,0.842672,0.859169,0.874817,0.889602,0.90351,0.916526,0.928637,0.939831,0.950098,0.959428,0.967811,0.975238,0.981704,0.9872,0.991722,0.995265,0.997827,0.999403,0.999993,0.999597,0.998213,0.995845,0.992494,0.988164,0.982857,0.976582,0.969343,0.961146,0.952002,0.941918,0.930905,0.918973,0.906134,0.892402,0.877789,0.86231,0.845979,0.828814,0.81083,0.792047,0.772481,0.752153,0.731084,0.709292,0.6868,0.663631,0.639807,0.615351,0.590288,0.564642
-0.572867,-0.546838,-0.52027,-0.493187,-0.465618,-0.437589,-0.409129,-0.380264,-0.351025,-0.321438,-0.291535,-0.261344,-0.230895,-0.200218,-0.169343,-0.138302,-0.107123,-0.075839,-0.0444802,-0.0130778,0.0183371,0.0497337,0.0810808,0.112348,0.143505,0.174519,0.205361,0.236002,0.266409,0.296553,0.326405,0.355934,0.385112,0.41391,0.442299,0.470252,0.497741,0.524738,0.551218,0.577153,0.602519,0.627291,0.651443,0.674953,0.697796,0.719951,0.741396,0.762109,0.782069,0.801258,0.819656,0.837246,0.854009,0.869929,0.884991,0.899179,0.91248,0.92488,0.936368,0.946931,0.956561,0.965246,0.972978,0.979751,0.985556,0.990389,0.994244,0.997118,0.999008,0.999912,0.99983,0.998761,0.996705,0.993667,0.989648,0.984652,0.978685,0.971751,0.963859,0.955015,0.945229,0.934511,0.92287,0.910319,0.89687,0.882536,0.867331,0.851269,0.834368,0.816642,0.798112,0.778793,0.758706,0.73787,0.716306,0.694035,0.671079,0.64746,0.623203,0.59833,0.572867
-0.581035,-0.555183,-0.528783,-0.501861,-0.474444,-0.446559,-0.418233,-0.389494,-0.360371,-0.330892,-0.301086,-0.270983,-0.240613,-0.210005,-0.17919,-0.148199,-0.11706,-0.0858063,-0.0544678,-0.0230759,0.00833827,0.039744,0.0711102,0.102407,0.133601,0.164664,0.195565,0.226273,0.256757,0.286988,0.316937,0.346571,0.375864,0.404786,0.433309,0.461404,0.489043,0.5162,0.542847,0.568959,0.594508,0.619472,0.643824,0.667541,0.690599,0.712976,0.734649,0.755597,0.775799,0.795235,0.813887,0.831736,0.848764,0.864954,0.880291,0.894759,0.908344,0.921032,0.932811,0.94367,0.953598,0.962584,0.97062,0.9777,0.983813,0.988957,0.993123,0.99631,0.998513,0.999731,0.999963,0.999208,0.997466,0.994741,0.991034,0.986348,0.980689,0.974063,0.966474,0.957933,0.948446,0.938023,0.926675,0.914413,0.901248,0.887195,0.872265,0.856474,0.839838,0.822373,0.804097,0.785027,0.765182,0.744583,0.723248,0.701199,0.678459,0.655048,0.630992,0.606313,0.581035
-0.589145,-0.563473,-0.537244,-0.510486,-0.483223,-0.455484,-0.427295,-0.398685,-0.369681,-0.340312,-0.310607,-0.280595,-0.250307,-0.219772,-0.189019,-0.158081,-0.126986,-0.0957651,-0.06445,-0.0330718,-0.00166143,0.0297503,0.0611325,0.0924543,0.123685,0.154793,0.185749,0.216521,0.24708,0.277395,0.307437,0.337174,0.366579,0.395622,0.424275,0.452509,0.480296,0.50761,0.534422,0.560707,0.586438,0.611591,0.636141,0.660062,0.683332,0.705928,0.727828,0.749009,0.76945,0.789133,0.808037,0.826143,0.843433,0.859893,0.875503,0.890249,0.904116,0.917091,0.929161,0.940314,0.95054,0.959826,0.968166,0.975551,0.981972,0.987425,0.991903,0.995402,0.997919,0.999451,0.999996,0.999555,0.998128,0.995715,0.99232,0.987945,0.982596,0.976277,0.968994,0.960755,0.951568,0.941442,0.930388,0.918415,0.905537,0.891764,0.877112,0.861593,0.845225,0.828022,0.810002,0.791182,0.771582,0.751221,0.730118,0.708294,0.685771,0.662572,0.638718,0.614234,0.589145
-0.597195,-0.571706,-0.545652,-0.519059,-0.491954,-0.464364,-0.436315,-0.407835,-0.378953,-0.349698,-0.320096,-0.290179,-0.259976,-0.229516,-0.198829,-0.167947,-0.136898,-0.105714,-0.0744258,-0.0430645,-0.011661,0.0197536,0.0511487,0.0824929,0.113756,0.144906,0.175914,0.206748,0.237378,0.267774,0.297906,0.327743,0.357257,0.386419,0.415199,0.443569,0.471502,0.498969,0.525943,0.552399,0.578309,0.603649,0.628393,0.652517,0.675997,0.698811,0.720934,0.742346,0.763025,0.782952,0.802105,0.820467,0.838019,0.854745,0.870627,0.88565,0.899798,0.913059,0.925418,0.936865,0.947386,0.956973,0.965615,0.973304,0.980033,0.985795,0.990584,0.994394,0.997224,0.99907,0.99993,0.999803,0.998689,0.99659,0.993507,0.989444,0.984404,0.978393,0.971416,0.963481,0.954595,0.944767,0.934007,0.922326,0.909734,0.896245,0.881871,0.866627,0.850527,0.833587,0.815826,0.797259,0.777905,0.757784,0.736915,0.715318,0.693015,0.670029,0.646381,0.622095,0.597195
-0.605186,-0.579882,-0.554004,-0.52758,-0.500635,-0.473197,-0.445291,-0.416945,-0.388188,-0.359049,-0.329554,-0.299734,-0.269619,-0.239237,-0.20862,-0.177796,-0.146797,-0.115653,-0.0843943,-0.0530528,-0.0216594,0.00975499,0.0411597,0.0725232,0.103815,0.135005,0.166062,0.196954,0.227653,0.258127,0.288345,0.31828,0.3479,0.377177,0.406081,0.434585,0.46266,0.490278,0.517412,0.544036,0.570122,0.595647,0.620583,0.644907,0.668595,0.691623,0.713968,0.735609,0.756524,0.776692,0.796094,0.81471,0.832521,0.849512,0.865665,0.880962,0.89539,0.908935,0.921583,0.933321,0.944138,0.954023,0.962967,0.970961,0.977996,0.984067,0.989165,0.993288,0.99643,0.99859,0.999763,0.99995,0.999151,0.997365,0.994595,0.990844,0.986114,0.980411,0.973741,0.96611,0.957526,0.947998,0.937533,0.926144,0.913841,0.900636,0.886542,0.871573,0.855743,0.83907,0.821568,0.803255,0.78415,0.764271,0.743638,0.72227,0.70019,0.677418,0.653978,0.629893,0.605186
-0.613117,-0.587999,-0.562302,-0.536049,-0.509267,-0.481982,-0.454222,-0.426014,-0.397385,-0.368364,-0.338979,-0.309259,-0.279235,-0.248935,-0.218389,-0.187628,-0.156681,-0.12558,-0.0943543,-0.0630359,-0.0316557,-0.000244655,0.0311666,0.0625463,0.0938647,0.125091,0.156193,0.187141,0.217904,0.248453,0.278756,0.308785,0.338508,0.367897,0.396923,0.425558,0.453772,0.481538,0.508829,0.535618,0.561879,0.587585,0.612711,0.637233,0.661126,0.684366,0.706931,0.728799,0.749947,0.770355,0.790003,0.80887,0.82694,0.844194,0.860615,0.876187,0.890893,0.90472,0.917655,0.929684,0.940795,0.950978,0.960223,0.96852,0.975861,0.982239,0.987648,0.992082,0.995536,0.998009,0.999496,0.999998,0.999512,0.99804,0.995583,0.992145,0.987725,0.982332,0.975969,0.968644,0.960362,0.951133,0.940965,0.92987,0.917856,0.904936,0.891124,0.876432,0.860875,0.844468,0.827228,0.809172,0.790317,0.770682,0.750286,0.729151,0.707294,0.684741,0.661511,0.637628,0.613117
-0.620986,-0.596058,-0.570543,-0.544464,-0.517847,-0.49072,-0.463108,-0.435039,-0.406541,-0.377642,-0.34837,-0.318754,-0.288823,-0.258608,-0.228137,-0.19744,-0.166549,-0.135494,-0.104305,-0.0730127,-0.0416489,-0.0102443,0.0211703,0.0525632,0.0839045,0.115163,0.146308,0.177309,0.208134,0.238755,0.269139,0.299258,0.329082,0.35858,0.387725,0.416487,0.444838,0.47275,0.500195,0.527147,0.553579,0.579464,0.604778,0.629495,0.653591,0.677041,0.699823,0.721915,0.743295,0.763941,0.783833,0.802951,0.821276,0.838792,0.85548,0.871323,0.886307,0.900415,0.913635,0.925954,0.937359,0.947839,0.957383,0.965982,0.973629,0.980314,0.986032,0.990776,0.994543,0.997329,0.99913,0.999945,0.999774,0.998616,0.996472,0.993346,0.989238,0.984154,0.9781,0.97108,0.963102,0.954174,0.944304,0.933502,0.92178,0.909147,0.895617,0.881203,0.86592,0.849782,0.832805,0.815007,0.796404,0.777016,0.75686,0.735958,0.714328,0.691994,0.668977,0.6453,0.620986
-0.628793,-0.604058,-0.578726,-0.552824,-0.526376,-0.499409,-0.471948,-0.444022,-0.415657,-0.386882,-0.357726,-0.328216,-0.298382,-0.268254,-0.237861,-0.207233,-0.176401,-0.145395,-0.114245,-0.0829823,-0.051638,-0.0202429,0.0111717,0.0425749,0.0739361,0.105225,0.136409,0.167459,0.198343,0.229032,0.259495,0.289702,0.319623,0.349228,0.378489,0.407375,0.43586,0.463915,0.491511,0.518623,0.545224,0.571286,0.596784,0.621694,0.64599,0.669648,0.692645,0.71496,0.736569,0.75745,0.777584,0.79695,0.81553,0.833306,0.850259,0.866373,0.881632,0.89602,0.909525,0.922132,0.933828,0.944604,0.954447,0.963348,0.971299,0.97829,0.984317,0.989372,0.99345,0.996549,0.998664,0.999793,0.999936,0.999092,0.997262,0.994448,0.990652,0.985878,0.980132,0.973419,0.965745,0.957119,0.947548,0.937042,0.925611,0.913266,0.900021,0.885887,0.870879,0.855011,0.8383,0.820761,0.802412,0.783272,0.763358,0.742691,0.721291,0.699179,0.676376,0.652907,0.628793
-0.636537,-0.611997,-0.586853,-0.561129,-0.534852,-0.508047,-0.480741,-0.452959,-0.424731,-0.396084,-0.367046,-0.337646,-0.307912,-0.277874,-0.247562,-0.217006,-0.186235,-0.155281,-0.124174,-0.0929436,-0.0616219,-0.0302395,0.00117206,0.0325822,0.0639602,0.0952754,0.126496,0.157592,0.188533,0.219287,0.249825,0.280117,0.310132,0.339841,0.369214,0.398223,0.426839,0.455033,0.482778,0.510048,0.536814,0.56305,0.588731,0.613831,0.638325,0.662188,0.685399,0.707933,0.729769,0.750884,0.771258,0.79087,0.809703,0.827736,0.844953,0.861336,0.876869,0.891536,0.905323,0.918217,0.930205,0.941275,0.951416,0.960617,0.968872,0.976169,0.982504,0.987869,0.992258,0.995669,0.998098,0.999541,0.999998,0.999468,0.997951,0.99545,0.991967,0.987504,0.982067,0.975661,0.968292,0.959968,0.950697,0.940487,0.92935,0.917295,0.904334,0.890482,0.87575,0.860155,0.84371,0.826433,0.80834,0.78945,0.76978,0.74935,0.728181,0.706293,0.683708,0.660449,0.636537
-0.644218,-0.619875,-0.59492,-0.569378,-0.543275,-0.516635,-0.489485,-0.461852,-0.433763,-0.405246,-0.37633,-0.347041,-0.31741,-0.287466,-0.257238,-0.226756,-0.196051,-0.165152,-0.13409,-0.102896,-0.0715996,-0.0402332,-0.00882776,0.0225864,0.053978,0.0853166,0.116571,0.14771,0.178703,0.20952,0.24013,0.270503,0.30061,0.330419,0.359902,0.38903,0.417774,0.446106,0.473997,0.501421,0.528351,0.554758,0.580618,0.605906,0.630596,0.654662,0.678083,0.700835,0.722895,0.744242,0.764854,0.784712,0.803795,0.822084,0.839563,0.856213,0.872018,0.886962,0.901031,0.91421,0.926488,0.937852,0.948289,0.957791,0.966348,0.97395,0.980592,0.986267,0.990967,0.99469,0.997432,0.999188,0.99996,0.999744,0.998541,0.996353,0.993182,0.989031,0.983903,0.977805,0.970742,0.962721,0.953751,0.943839,0.932995,0.921231,0.908558,0.894987,0.880534,0.865212,0.849036,0.832022,0.814187,0.795548,0.776125,0.755934,0.734999,0.713337,0.690972,0.667924,0.644218
-0.651834,-0.62769,-0.602928,-0.57757,-0.551643,-0.525171,-0.49818,-0.470698,-0.442752,-0.414368,-0.385575,-0.356402,-0.326877,-0.29703,-0.266889,-0.236485,-0.205847,-0.175006,-0.143993,-0.112837,-0.0815703,-0.0502229,-0.0188267,0.0125882,0.0439905,0.0753493,0.106634,0.137813,0.168856,0.199732,0.230411,0.260863,0.291058,0.320965,0.350555,0.379799,0.408668,0.437134,0.465169,0.492744,0.519834,0.546411,0.572448,0.597921,0.622803,0.647071,0.6707,0.693667,0.71595,0.737526,0.758374,0.778474,0.797806,0.81635,0.834088,0.851004,0.86708,0.882299,0.896648,0.910112,0.922679,0.934335,0.945068,0.954869,0.963727,0.971634,0.978583,0.984566,0.989577,0.993611,0.996666,0.998736,0.999821,0.99992,0.999031,0.997156,0.994298,0.990458,0.985641,0.979852,0.973095,0.965379,0.95671,0.947096,0.936548,0.925076,0.91269,0.899404,0.88523,0.870183,0.854277,0.837528,0.819952,0.801568,0.782392,0.762443,0.741743,0.72031,0.698166,0.675333,0.651834
-0.659385,-0.635443,-0.610876,-0.585705,-0.559956,-0.533655,-0.506826,-0.479498,-0.451696,-0.423448,-0.394783,-0.365728,-0.336312,-0.306563,-0.276513,-0.246189,-0.215622,-0.184843,-0.153881,-0.122768,-0.0915328,-0.0602077,-0.0288238,0.0025888,0.0339985,0.0653744,0.0966858,0.127902,0.158991,0.189924,0.220669,0.251197,0.281476,0.311478,0.341172,0.37053,0.399521,0.428119,0.456294,0.484018,0.511266,0.538009,0.564221,0.589876,0.614949,0.639415,0.66325,0.68643,0.708933,0.730737,0.751819,0.772159,0.791737,0.810534,0.828531,0.84571,0.862055,0.877549,0.892176,0.905923,0.918777,0.930724,0.941752,0.951851,0.96101,0.969221,0.976475,0.982767,0.988088,0.992433,0.9958,0.998184,0.999583,0.999996,0.999421,0.99786,0.995315,0.991787,0.987281,0.9818,0.975351,0.967939,0.959573,0.950259,0.940007,0.928827,0.916731,0.90373,0.889838,0.875067,0.859433,0.84295,0.825636,0.807507,0.788581,0.768876,0.748413,0.72721,0.705291,0.682675,0.659385
-0.66687,-0.643133,-0.618762,-0.593781,-0.568213,-0.542085,-0.515421,-0.488249,-0.460595,-0.432486,-0.403951,-0.375017,-0.345712,-0.316066,-0.286109,-0.255869,-0.225376,-0.194661,-0.163754,-0.132686,-0.101486,-0.0701865,-0.0388179,-0.00741092,0.0240031,0.055393,0.0867282,0.117978,0.149111,0.180097,0.210905,0.241505,0.271867,0.301961,0.331756,0.361223,0.390334,0.419061,0.447373,0.475244,0.502646,0.529553,0.555937,0.581772,0.607033,0.631695,0.655733,0.679124,0.701845,0.723874,0.745188,0.765767,0.785589,0.804637,0.82289,0.840332,0.856944,0.87271,0.887615,0.901644,0.914784,0.92702,0.938342,0.948738,0.958197,0.966711,0.974271,0.980869,0.9865,0.991156,0.994835,0.997532,0.999245,0.999972,0.999711,0.998464,0.996232,0.993017,0.988822,0.98365,0.977509,0.970403,0.96234,0.953326,0.943372,0.932486,0.92068,0.907966,0.894356,0.879863,0.864503,0.848288,0.831237,0.813365,0.79469,0.775232,0.755007,0.734038,0.712345,0.689948,0.66687
-0.674288,-0.650758,-0.626587,-0.601797,-0.576413,-0.550461,-0.523965,-0.496952,-0.469448,-0.441481,-0.413078,-0.384268,-0.355078,-0.325538,-0.295676,-0.265523,-0.235107,-0.20446,-0.173611,-0.142591,-0.111429,-0.0801583,-0.0488082,-0.0174099,0.0140053,0.045406,0.0767621,0.108043,0.139216,0.170252,0.20112,0.23179,0.262231,0.292413,0.322306,0.351881,0.381109,0.40996,0.438408,0.466422,0.493977,0.521044,0.547597,0.57361,0.599056,0.623911,0.648151,0.67175,0.694687,0.716938,0.738482,0.759298,0.779363,0.798659,0.817167,0.834869,0.851747,0.867785,0.882965,0.897275,0.910699,0.923224,0.934838,0.94553,0.955288,0.964104,0.971968,0.978874,0.984813,0.98978,0.99377,0.996781,0.998807,0.999848,0.999901,0.998968,0.997049,0.994147,0.990264,0.985403,0.97957,0.97277,0.965011,0.956298,0.946642,0.936052,0.924538,0.912112,0.898785,0.884572,0.869486,0.853541,0.836755,0.819142,0.800721,0.78151,0.761527,0.740793,0.719327,0.697152,0.674288
-0.681639,-0.658319,-0.634349,-0.609753,-0.584556,-0.558782,-0.532456,-0.505604,-0.478254,-0.450431,-0.422164,-0.393481,-0.364409,-0.334976,-0.305214,-0.27515,-0.244815,-0.214239,-0.18345,-0.152481,-0.121362,-0.0901221,-0.0587935,-0.0274072,0.00400595,0.0354145,0.0667882,0.0980961,0.129307,0.16039,0.191315,0.222051,0.252568,0.282836,0.312824,0.342503,0.371845,0.400819,0.429398,0.457554,0.485258,0.512483,0.539203,0.56539,0.591019,0.616066,0.640504,0.664309,0.68746,0.709932,0.731703,0.752752,0.773058,0.792602,0.811363,0.829323,0.846465,0.862772,0.878227,0.892815,0.906523,0.919335,0.931241,0.942228,0.952284,0.961401,0.969569,0.97678,0.983028,0.988305,0.992606,0.995929,0.998269,0.999624,0.999991,0.999373,0.997767,0.995178,0.991606,0.987056,0.981532,0.97504,0.967585,0.959175,0.949818,0.939524,0.928303,0.916166,0.903124,0.889192,0.874382,0.858709,0.842189,0.824837,0.806671,0.78771,0.76797,0.747473,0.726238,0.704286,0.681639
-0.688921,-0.665813,-0.642048,-0.617649,-0.59264,-0.567047,-0.540894,-0.514207,-0.487012,-0.459337,-0.431208,-0.402654,-0.373703,-0.344382,-0.314721,-0.284751,-0.254499,-0.223995,-0.193271,-0.162357,-0.131282,-0.100077,-0.0687731,-0.0374018,-0.00599383,0.0254195,0.0568077,0.0881398,0.119385,0.150512,0.18149,0.21229,0.24288,0.27323,0.30331,0.333091,0.362543,0.391638,0.420346,0.44864,0.47649,0.503871,0.530755,0.557114,0.582923,0.608158,0.632793,0.656802,0.680163,0.702854,0.724851,0.746132,0.766677,0.786465,0.805477,0.823695,0.841099,0.857674,0.873401,0.888267,0.902256,0.915355,0.927551,0.938831,0.949184,0.958601,0.967072,0.974589,0.981144,0.986731,0.991343,0.994978,0.997631,0.9993,0.999981,0.999677,0.998385,0.996109,0.99285,0.988611,0.983397,0.977212,0.970062,0.961955,0.952899,0.942902,0.931975,0.920128,0.907373,0.893723,0.879191,0.863791,0.847538,0.830449,0.812541,0.793831,0.774337,0.754079,0.733076,0.71135,0.688921
-0.696135,-0.673241,-0.649682,-0.625482,-0.600665,-0.575255,-0.549277,-0.522757,-0.495721,-0.468196,-0.440209,-0.411787,-0.382959,-0.353753,-0.324197,-0.294322,-0.264156,-0.23373,-0.203073,-0.172216,-0.141188,-0.110022,-0.0787458,-0.0473926,-0.0159931,0.0154219,0.0468215,0.0781747,0.109451,0.140619,0.171648,0.202508,0.233167,0.263597,0.293767,0.323646,0.353206,0.382418,0.411252,0.439681,0.467675,0.495209,0.522253,0.548782,0.57477,0.60019,0.625018,0.649229,0.672799,0.695705,0.717926,0.739437,0.760219,0.78025,0.799511,0.817983,0.835648,0.852489,0.868488,0.88363,0.897899,0.911283,0.923768,0.93534,0.94599,0.955706,0.964479,0.9723,0.979163,0.985058,0.989982,0.993928,0.996894,0.998876,0.999872,0.999882,0.998904,0.996941,0.993995,0.990067,0.985163,0.979286,0.972443,0.96464,0.955885,0.946186,0.935554,0.923999,0.911531,0.898165,0.883912,0.868787,0.852804,0.835979,0.81833,0.799873,0.780626,0.760609,0.739841,0.718343,0.696135
-0.703279,-0.680602,-0.657252,-0.633253,-0.60863,-0.583406,-0.557606,-0.531256,-0.504381,-0.477009,-0.449166,-0.420879,-0.392177,-0.363088,-0.333641,-0.303864,-0.273788,-0.243441,-0.212854,-0.182057,-0.151081,-0.119955,-0.0887106,-0.0573788,-0.0259907,0.00542281,0.0368306,0.0682018,0.0995059,0.130712,0.161788,0.192705,0.223432,0.253938,0.284194,0.314168,0.343833,0.373159,0.402117,0.430678,0.458813,0.486497,0.5137,0.540396,0.566558,0.592162,0.617181,0.641591,0.665368,0.688488,0.710929,0.732668,0.753684,0.773957,0.793465,0.81219,0.830114,0.847219,0.863488,0.878904,0.893452,0.90712,0.919892,0.931756,0.942701,0.952715,0.96179,0.969914,0.977083,0.983287,0.988521,0.992778,0.996057,0.998352,0.999662,0.999986,0.999323,0.997673,0.99504,0.991425,0.98683,0.981263,0.974726,0.967228,0.958775,0.949375,0.93904,0.927777,0.915598,0.902517,0.888544,0.873695,0.857983,0.841425,0.824036,0.805834,0.786837,0.767063,0.746532,0.725264,0.703279
-0.710353,-0.687894,-0.664755,-0.640961,-0.616534,-0.591498,-0.565879,-0.539701,-0.512991,-0.485774,-0.458078,-0.429929,-0.401356,-0.372388,-0.343051,-0.313376,-0.283392,-0.253128,-0.222614,-0.191881,-0.160959,-0.129877,-0.0986667,-0.0673592,-0.0359858,-0.00457689,0.026836,0.0582221,0.0895511,0.120791,0.151912,0.182883,0.213674,0.244253,0.274592,0.304659,0.334426,0.363863,0.392941,0.421631,0.449906,0.477736,0.505095,0.531955,0.55829,0.584075,0.609283,0.633889,0.65787,0.681201,0.703861,0.725826,0.747075,0.767586,0.78734,0.806316,0.824497,0.841864,0.858401,0.87409,0.888916,0.902866,0.915924,0.928078,0.939318,0.949629,0.959004,0.967432,0.974906,0.981417,0.986961,0.991529,0.99512,0.997728,0.999352,0.99999,0.999641,0.998305,0.995985,0.992682,0.988399,0.983141,0.976912,0.969719,0.961569,0.95247,0.942431,0.931462,0.919574,0.906778,0.893088,0.878516,0.863077,0.846787,0.82966,0.811715,0.792969,0.773441,0.753148,0.732112,0.710353
-0.717356,-0.695118,-0.672193,-0.648604,-0.624376,-0.599532,-0.574095,-0.548093,-0.521549,-0.494491,-0.466944,-0.438936,-0.410495,-0.38165,-0.352427,-0.322857,-0.292968,-0.26279,-0.232352,-0.201686,-0.17082,-0.139786,-0.108613,-0.077333,-0.0459773,-0.0145762,0.0168387,0.0482366,0.0795874,0.110859,0.142021,0.173043,0.203895,0.234544,0.264963,0.29512,0.324986,0.354531,0.383726,0.412543,0.440953,0.468927,0.496439,0.523461,0.549967,0.575929,0.601323,0.626124,0.650306,0.673847,0.696723,0.718911,0.74039,0.761139,0.781136,0.800361,0.818797,0.836426,0.853229,0.869189,0.884292,0.898522,0.911865,0.924309,0.93584,0.946448,0.956122,0.964853,0.972631,0.97945,0.985302,0.990181,0.994084,0.997005,0.998943,0.999895,0.99986,0.998838,0.996831,0.993841,0.989869,0.984921,0.979,0.972113,0.964267,0.955469,0.945728,0.935054,0.923458,0.910949,0.897542,0.88325,0.868085,0.852064,0.835202,0.817515,0.799023,0.779741,0.759689,0.738887,0.717356
-0.724287,-0.702272,-0.679563,-0.656183,-0.632156,-0.607505,-0.582254,-0.556429,-0.530055,-0.503158,-0.475763,-0.447899,-0.419593,-0.390874,-0.361768,-0.332305,-0.302514,-0.272425,-0.242067,-0.21147,-0.180664,-0.14968,-0.118548,-0.0872991,-0.0559642,-0.0245741,0.00683963,0.0382463,0.0696156,0.100916,0.132116,0.163186,0.194095,0.224812,0.255307,0.285551,0.315513,0.345163,0.374473,0.403414,0.431956,0.460072,0.487734,0.514915,0.541588,0.567725,0.593303,0.618295,0.642677,0.666425,0.689515,0.711925,0.733632,0.754615,0.774853,0.794326,0.813016,0.830903,0.847971,0.864201,0.879578,0.894088,0.907715,0.920446,0.93227,0.943173,0.953145,0.962177,0.970259,0.977384,0.983545,0.988734,0.992948,0.996182,0.998433,0.999699,0.999979,0.999271,0.997578,0.9949,0.991241,0.986602,0.98099,0.97441,0.966868,0.958373,0.948931,0.938553,0.927249,0.915029,0.901907,0.887895,0.873006,0.857256,0.84066,0.823234,0.804996,0.785963,0.766153,0.745588,0.724287
-0.731146,-0.709356,-0.686865,-0.663696,-0.639872,-0.615418,-0.590355,-0.56471,-0.538508,-0.511774,-0.484535,-0.456818,-0.428649,-0.400058,-0.371072,-0.34172,-0.31203,-0.282033,-0.251757,-0.221233,-0.190491,-0.15956,-0.128472,-0.0972565,-0.0659455,-0.0345696,-0.00316013,0.0282522,0.0596367,0.090962,0.122198,0.153312,0.184276,0.215057,0.245626,0.275954,0.306008,0.335761,0.365182,0.394244,0.422916,0.451171,0.47898,0.506317,0.533155,0.559465,0.585224,0.610406,0.634984,0.658937,0.682238,0.704867,0.7268,0.748016,0.768494,0.788212,0.807154,0.825298,0.842629,0.859127,0.874777,0.889565,0.903473,0.916492,0.928605,0.939803,0.950072,0.959405,0.96779,0.975221,0.981689,0.987188,0.991713,0.995259,0.997824,0.999404,0.999998,0.999604,0.998224,0.99586,0.992513,0.988185,0.982882,0.97661,0.969373,0.961181,0.952039,0.941958,0.930947,0.919018,0.906182,0.892451,0.87784,0.862362,0.846033,0.82887,0.810888,0.792106,0.772542,0.752215,0.731146
-0.737931,-0.716368,-0.694098,-0.671143,-0.647525,-0.623269,-0.598397,-0.572935,-0.546907,-0.52034,-0.493258,-0.46569,-0.437662,-0.409203,-0.38034,-0.351101,-0.321515,-0.291613,-0.261423,-0.230974,-0.200298,-0.169424,-0.138382,-0.107204,-0.0759202,-0.0445617,-0.0131596,0.0182554,0.0496519,0.0809994,0.112267,0.143423,0.174438,0.205281,0.235921,0.266328,0.296473,0.326325,0.355855,0.385035,0.413834,0.442224,0.470178,0.497669,0.524668,0.551149,0.577086,0.602454,0.627228,0.651382,0.674893,0.697739,0.719896,0.741342,0.762057,0.782019,0.80121,0.81961,0.837202,0.853966,0.869889,0.884952,0.899142,0.912446,0.924848,0.936339,0.946905,0.956537,0.965224,0.97296,0.979735,0.985544,0.990379,0.994237,0.997115,0.999008,0.999916,0.999837,0.998771,0.99672,0.993685,0.989669,0.984676,0.978712,0.971781,0.963892,0.955051,0.945268,0.934553,0.922914,0.910365,0.896918,0.882586,0.867382,0.851323,0.834423,0.8167,0.79817,0.778853,0.758766,0.737931
-0.744643,-0.72331,-0.701262,-0.678523,-0.655113,-0.631057,-0.606379,-0.581102,-0.555252,-0.528853,-0.501932,-0.474516,-0.446632,-0.418307,-0.389569,-0.360447,-0.330968,-0.301163,-0.271062,-0.240692,-0.210085,-0.17927,-0.148279,-0.117141,-0.0858874,-0.0545494,-0.0231578,0.0082566,0.0396621,0.0710287,0.102325,0.13352,0.164583,0.195484,0.226192,0.256677,0.286908,0.316857,0.346492,0.375787,0.40471,0.433234,0.46133,0.488971,0.516129,0.542778,0.568891,0.594443,0.619409,0.643762,0.66748,0.690541,0.712919,0.734594,0.755544,0.775748,0.795187,0.81384,0.831691,0.848721,0.864913,0.880251,0.894721,0.908309,0.920999,0.932781,0.943643,0.953573,0.962562,0.970602,0.977684,0.983801,0.988946,0.993116,0.996306,0.998513,0.999735,0.99997,0.999218,0.99748,0.994758,0.991054,0.986372,0.980716,0.974092,0.966508,0.957969,0.948485,0.938065,0.926719,0.914458,0.901295,0.887243,0.872315,0.856527,0.839893,0.822429,0.804155,0.785086,0.765242,0.744643
-0.75128,-0.730179,-0.708356,-0.685834,-0.662636,-0.638783,-0.6143,-0.589211,-0.563541,-0.537314,-0.510556,-0.483295,-0.455557,-0.427369,-0.398759,-0.369756,-0.340388,-0.310684,-0.280674,-0.250386,-0.219851,-0.189099,-0.158161,-0.127066,-0.095846,-0.0645317,-0.0331536,-0.00174305,0.0296684,0.0610509,0.0923727,0.123603,0.154711,0.185667,0.21644,0.246999,0.277315,0.307357,0.337095,0.366502,0.395546,0.4242,0.452435,0.480224,0.507539,0.534353,0.560639,0.586372,0.611527,0.636078,0.660001,0.683273,0.705871,0.727773,0.748955,0.769399,0.789084,0.807989,0.826097,0.84339,0.859851,0.875463,0.89021,0.90408,0.917058,0.92913,0.940286,0.950514,0.959804,0.968147,0.975534,0.981959,0.987414,0.991895,0.995398,0.997918,0.999453,1,0.999565,0.998141,0.995732,0.99234,0.987968,0.982622,0.976306,0.969026,0.96079,0.951606,0.941483,0.93043,0.91846,0.905583,0.891812,0.877161,0.861645,0.845278,0.828077,0.810058,0.79124,0.771641,0.75128
-0.757843,-0.736974,-0.715379,-0.693078,-0.670092,-0.646445,-0.62216,-0.597261,-0.571773,-0.54572,-0.519129,-0.492025,-0.464436,-0.436388,-0.40791,-0.379029,-0.349774,-0.320174,-0.290258,-0.260055,-0.229595,-0.198909,-0.168027,-0.136979,-0.105795,-0.0745075,-0.0431462,-0.0117426,0.0196717,0.0510669,0.0824111,0.113674,0.144825,0.175832,0.206667,0.237297,0.267694,0.297826,0.327664,0.357179,0.386342,0.415123,0.443495,0.471429,0.498898,0.525874,0.552331,0.578243,0.603585,0.628331,0.652456,0.675938,0.698753,0.720878,0.742292,0.762974,0.782902,0.802057,0.820421,0.837975,0.854703,0.870586,0.885611,0.899762,0.913024,0.925386,0.936836,0.94736,0.956949,0.965595,0.973287,0.980019,0.985783,0.990575,0.99439,0.997223,0.999072,0.999936,0.999812,0.998702,0.996606,0.993527,0.989466,0.98443,0.978422,0.971448,0.963515,0.954632,0.944807,0.934049,0.922369,0.909779,0.896292,0.88192,0.866677,0.85058,0.833641,0.815881,0.797316,0.777963,0.757843
-0.764329,-0.743697,-0.722331,-0.700252,-0.677481,-0.654042,-0.629958,-0.605252,-0.579949,-0.554072,-0.52765,-0.500706,-0.473269,-0.445363,-0.417019,-0.388264,-0.359125,-0.329631,-0.299812,-0.269697,-0.239316,-0.208699,-0.177876,-0.146878,-0.115734,-0.0844758,-0.0531345,-0.0217411,0.0096731,0.0410778,0.0724413,0.103734,0.134923,0.16598,0.196873,0.227571,0.258046,0.288265,0.318201,0.347822,0.377099,0.406005,0.434511,0.462587,0.490206,0.517342,0.543967,0.570056,0.595582,0.62052,0.644846,0.668535,0.691565,0.713912,0.735554,0.756472,0.776641,0.796045,0.814662,0.832477,0.849469,0.865623,0.880923,0.895353,0.9089,0.92155,0.933292,0.944111,0.953999,0.962946,0.970942,0.977981,0.984054,0.989156,0.993282,0.996428,0.998591,0.999769,0.99996,0.999163,0.99738,0.994614,0.990865,0.986139,0.98044,0.973772,0.966144,0.957563,0.948036,0.937574,0.926187,0.913885,0.900682,0.88659,0.871623,0.855796,0.839123,0.821622,0.803311,0.784207,0.764329
-0.770739,-0.750345,-0.72921,-0.707355,-0.684803,-0.661574,-0.637692,-0.613182,-0.588066,-0.562369,-0.536118,-0.509337,-0.482054,-0.454295,-0.426087,-0.39746,-0.368439,-0.339056,-0.309337,-0.279313,-0.249014,-0.218468,-0.187708,-0.156762,-0.125661,-0.0944357,-0.0631175,-0.0317375,-0.000326462,0.0310845,0.0624643,0.0937828,0.125008,0.156111,0.187059,0.217823,0.248372,0.278676,0.308705,0.338429,0.367819,0.396847,0.425483,0.453698,0.481466,0.508759,0.53555,0.561812,0.58752,0.612647,0.637171,0.661065,0.684307,0.706874,0.728743,0.749894,0.770304,0.789953,0.808823,0.826895,0.844151,0.860573,0.876147,0.890855,0.904685,0.917622,0.929654,0.940768,0.950954,0.960201,0.968501,0.975845,0.982227,0.987639,0.992076,0.995534,0.99801,0.999502,1.00001,0.999524,0.998055,0.995602,0.992165,0.98775,0.98236,0.976,0.968677,0.960398,0.951171,0.941006,0.929911,0.917899,0.904982,0.891172,0.876481,0.860926,0.84452,0.827282,0.809226,0.790372,0.770739
-0.777072,-0.756918,-0.736016,-0.714389,-0.692056,-0.669039,-0.645363,-0.62105,-0.596124,-0.57061,-0.544532,-0.517917,-0.490791,-0.46318,-0.435113,-0.406616,-0.377718,-0.348446,-0.318831,-0.288901,-0.258686,-0.228216,-0.19752,-0.16663,-0.135575,-0.104386,-0.0730942,-0.0417307,-0.010326,0.0210881,0.0524811,0.0838225,0.115081,0.146226,0.177227,0.208053,0.238673,0.269059,0.299179,0.329003,0.358502,0.387649,0.416413,0.444764,0.472678,0.500125,0.527078,0.553512,0.579398,0.604714,0.629433,0.653529,0.676981,0.699766,0.721859,0.743241,0.763889,0.783782,0.802902,0.82123,0.838747,0.855437,0.871283,0.886268,0.900379,0.913602,0.925923,0.937331,0.947814,0.95736,0.965963,0.973612,0.980301,0.986022,0.99077,0.99454,0.99733,0.999135,0.999954,0.999785,0.99863,0.99649,0.993366,0.989262,0.984181,0.978129,0.971112,0.963136,0.954211,0.944343,0.933543,0.921822,0.909191,0.895664,0.881252,0.86597,0.849833,0.832858,0.815061,0.796459,0.777072
-0.783327,-0.763415,-0.742749,-0.72135,-0.699239,-0.676438,-0.65297,-0.628857,-0.604123,-0.578793,-0.552892,-0.526446,-0.499479,-0.47202,-0.444095,-0.415731,-0.386958,-0.357802,-0.328293,-0.29846,-0.268333,-0.23794,-0.207313,-0.176482,-0.145476,-0.114326,-0.0830637,-0.0517198,-0.0203246,0.0110895,0.0424926,0.0738538,0.105142,0.136326,0.167377,0.198262,0.228951,0.259415,0.289622,0.319544,0.34915,0.378412,0.4073,0.435786,0.463842,0.491441,0.518554,0.545156,0.571219,0.59672,0.621631,0.645928,0.669588,0.692587,0.714903,0.736514,0.757397,0.777533,0.796901,0.815483,0.83326,0.850216,0.866332,0.881592,0.895983,0.90949,0.9221,0.9338,0.944578,0.954424,0.963328,0.971281,0.978277,0.984307,0.989365,0.993447,0.996549,0.998668,0.999801,0.999947,0.999105,0.997278,0.994467,0.990675,0.985905,0.980161,0.973451,0.965779,0.957155,0.947586,0.937082,0.925653,0.91331,0.900067,0.885935,0.870928,0.855061,0.838351,0.820814,0.802466,0.783327
-0.789504,-0.769836,-0.749407,-0.72824,-0.706353,-0.683769,-0.660511,-0.6366,-0.612062,-0.586919,-0.561197,-0.534921,-0.508117,-0.480812,-0.453032,-0.424805,-0.396159,-0.367122,-0.337722,-0.307989,-0.277952,-0.247641,-0.217085,-0.186316,-0.155362,-0.124255,-0.0930249,-0.0617036,-0.0303213,0.00108976,0.0324999,0.0638778,0.0951928,0.126413,0.15751,0.188451,0.219205,0.249744,0.280037,0.310052,0.339762,0.369137,0.398147,0.426764,0.45496,0.482707,0.509978,0.536746,0.562983,0.588666,0.613767,0.638262,0.662128,0.68534,0.707876,0.729713,0.75083,0.771206,0.790821,0.809655,0.82769,0.844909,0.861294,0.876828,0.891498,0.905288,0.918185,0.930176,0.941248,0.951392,0.960597,0.968853,0.976155,0.982493,0.987861,0.992255,0.995669,0.998101,0.999548,1.00001,0.999481,0.997967,0.995469,0.991989,0.987529,0.982095,0.975692,0.968325,0.960003,0.950734,0.940526,0.92939,0.917337,0.904379,0.890529,0.875798,0.860204,0.84376,0.826484,0.808393,0.789504
-0.795602,-0.776179,-0.755991,-0.735056,-0.713396,-0.691032,-0.667986,-0.64428,-0.619939,-0.594986,-0.569446,-0.543343,-0.516705,-0.489556,-0.461924,-0.433837,-0.405321,-0.376405,-0.347118,-0.317487,-0.287544,-0.257317,-0.226836,-0.196131,-0.165233,-0.134171,-0.102977,-0.0716813,-0.0403151,-0.00891005,0.0225039,0.0538953,0.0852338,0.116488,0.147627,0.178621,0.209438,0.240049,0.270423,0.30053,0.330341,0.359825,0.388955,0.4177,0.446033,0.473926,0.501351,0.528282,0.554691,0.580553,0.605842,0.630533,0.654601,0.678024,0.700777,0.722839,0.744188,0.764802,0.784661,0.803746,0.822037,0.839518,0.85617,0.871977,0.886923,0.900995,0.914177,0.926459,0.937824,0.948265,0.957769,0.966329,0.973936,0.980582,0.986259,0.990963,0.99469,0.997434,0.999195,0.999969,0.999756,0.998556,0.996372,0.993204,0.989055,0.983931,0.977835,0.970775,0.962756,0.953787,0.943877,0.933035,0.921273,0.908602,0.895034,0.880581,0.86526,0.849085,0.832072,0.814239,0.795602
-0.80162,-0.782445,-0.762499,-0.741799,-0.720368,-0.698226,-0.675394,-0.651896,-0.627754,-0.602993,-0.577637,-0.551711,-0.52524,-0.498251,-0.47077,-0.442825,-0.414443,-0.385651,-0.356478,-0.326954,-0.297107,-0.266967,-0.236564,-0.205927,-0.175087,-0.144074,-0.112919,-0.0816519,-0.0503049,-0.0189089,0.0125057,0.0439075,0.0752663,0.106551,0.13773,0.168773,0.19965,0.23033,0.260783,0.290978,0.320886,0.350478,0.379723,0.408594,0.437061,0.465097,0.492674,0.519765,0.546343,0.572382,0.597856,0.62274,0.647009,0.67064,0.693609,0.715893,0.737471,0.758321,0.778423,0.797756,0.816302,0.834043,0.85096,0.867039,0.88226,0.896612,0.910079,0.922648,0.934307,0.945043,0.954847,0.963708,0.971619,0.978572,0.984558,0.989572,0.993611,0.996668,0.998742,0.99983,0.999932,0.999045,0.997175,0.994319,0.990482,0.985668,0.979881,0.973127,0.965412,0.956745,0.947133,0.936587,0.925117,0.912733,0.899449,0.885276,0.87023,0.854325,0.837577,0.820004,0.80162
-0.807558,-0.788633,-0.768931,-0.748468,-0.727268,-0.70535,-0.682735,-0.659446,-0.635507,-0.61094,-0.585771,-0.560024,-0.533724,-0.506897,-0.479569,-0.451769,-0.423522,-0.394858,-0.365803,-0.336388,-0.306641,-0.276591,-0.246268,-0.215702,-0.184923,-0.153962,-0.122849,-0.0916143,-0.0602898,-0.028906,0.00250611,0.0339154,0.0652912,0.0966029,0.127819,0.158909,0.189842,0.220588,0.251116,0.281397,0.3114,0.341095,0.370453,0.399447,0.428045,0.456222,0.483948,0.511196,0.537941,0.564154,0.58981,0.614885,0.639352,0.663189,0.686371,0.708876,0.730681,0.751765,0.772107,0.791687,0.810486,0.828485,0.845666,0.862013,0.877509,0.89214,0.90589,0.918746,0.930696,0.941727,0.951828,0.960991,0.969205,0.976464,0.982758,0.988083,0.992432,0.995802,0.998189,0.999591,1.00001,0.999435,0.997878,0.995335,0.99181,0.987307,0.981828,0.975382,0.967972,0.959607,0.950295,0.940045,0.928868,0.916773,0.903774,0.889883,0.875113,0.85948,0.842999,0.825686,0.807558
-0.813416,-0.794742,-0.775285,-0.755063,-0.734095,-0.712403,-0.690007,-0.66693,-0.643196,-0.618826,-0.593847,-0.56828,-0.542153,-0.515491,-0.48832,-0.460668,-0.43256,-0.404025,-0.375092,-0.345788,-0.316144,-0.286187,-0.255947,-0.225456,-0.194741,-0.163835,-0.132767,-0.101568,-0.0702687,-0.0389001,-0.00749373,0.0239198,0.0553096,0.0866453,0.117895,0.149029,0.180015,0.210824,0.241425,0.271788,0.301882,0.331678,0.361147,0.390259,0.418987,0.447301,0.475173,0.502577,0.529485,0.555869,0.581706,0.606968,0.631632,0.655671,0.679065,0.701787,0.723817,0.745133,0.765714,0.785538,0.804588,0.822843,0.840287,0.856902,0.87267,0.887578,0.90161,0.914752,0.926991,0.938316,0.948715,0.958178,0.966694,0.974258,0.98086,0.986495,0.991155,0.994836,0.997536,0.999252,0.999982,0.999725,0.998481,0.996252,0.993039,0.988847,0.983678,0.977539,0.970435,0.962373,0.953361,0.943409,0.932526,0.920722,0.908009,0.8944,0.879908,0.864549,0.848336,0.831286,0.813416
-0.819192,-0.800772,-0.781562,-0.761581,-0.740849,-0.719385,-0.697211,-0.674348,-0.65082,-0.626651,-0.601862,-0.57648,-0.550529,-0.524034,-0.497023,-0.46952,-0.441554,-0.413152,-0.384343,-0.355154,-0.325615,-0.295754,-0.265601,-0.235187,-0.20454,-0.173692,-0.142672,-0.111511,-0.0802405,-0.0488904,-0.0174928,0.0139219,0.0453226,0.0766791,0.107959,0.139133,0.17017,0.201039,0.231709,0.262151,0.292334,0.322228,0.351804,0.381033,0.409886,0.438335,0.466351,0.493907,0.520976,0.547529,0.573543,0.598991,0.623848,0.648089,0.67169,0.694629,0.716882,0.738427,0.759244,0.779311,0.79861,0.81712,0.834824,0.851704,0.867744,0.882927,0.89724,0.910666,0.923194,0.934812,0.945506,0.955268,0.964087,0.971955,0.978865,0.984807,0.989778,0.993771,0.996784,0.998814,0.999858,0.999914,0.998984,0.997069,0.994169,0.990288,0.985429,0.979599,0.972801,0.965043,0.956333,0.946679,0.936091,0.924578,0.912153,0.898828,0.884616,0.869531,0.853588,0.836802,0.819192
-0.824886,-0.806722,-0.787761,-0.768024,-0.747528,-0.726295,-0.704344,-0.681698,-0.65838,-0.634412,-0.609818,-0.584622,-0.55885,-0.532525,-0.505675,-0.478326,-0.450504,-0.422238,-0.393556,-0.364484,-0.335053,-0.305292,-0.275229,-0.244894,-0.214318,-0.183531,-0.152562,-0.121443,-0.0902042,-0.0588759,-0.0274902,0.00392249,0.0353311,0.0667051,0.098013,0.129224,0.160308,0.191233,0.22197,0.252488,0.282757,0.312746,0.342426,0.371769,0.400745,0.429325,0.457482,0.485187,0.512414,0.539135,0.565323,0.590954,0.616002,0.640441,0.664248,0.687401,0.709874,0.731647,0.752698,0.773006,0.792552,0.811314,0.829278,0.846422,0.862731,0.878188,0.89278,0.906489,0.919305,0.931214,0.942204,0.952263,0.961383,0.969555,0.976771,0.983022,0.988302,0.992607,0.995932,0.998275,0.999633,1,0.999388,0.997786,0.995199,0.991629,0.987082,0.98156,0.975069,0.967616,0.959208,0.949854,0.939562,0.928342,0.916206,0.903166,0.889235,0.874426,0.858755,0.842236,0.824886
-0.830497,-0.81259,-0.793882,-0.77439,-0.754133,-0.733132,-0.711408,-0.688981,-0.665874,-0.64211,-0.617713,-0.592706,-0.567114,-0.540962,-0.514277,-0.487084,-0.459409,-0.431282,-0.402729,-0.373778,-0.344458,-0.314799,-0.284829,-0.254577,-0.224075,-0.193352,-0.162438,-0.131363,-0.100159,-0.0688556,-0.0374849,-0.0060773,0.025336,0.0567244,0.0880568,0.119302,0.15043,0.181409,0.212209,0.2428,0.273151,0.303232,0.333014,0.362468,0.391564,0.420273,0.448567,0.476419,0.503802,0.530686,0.557047,0.582858,0.608094,0.63273,0.65674,0.680104,0.702796,0.724794,0.746077,0.766624,0.786415,0.805428,0.823648,0.841055,0.857632,0.873362,0.888231,0.902222,0.915324,0.927523,0.938807,0.949163,0.958584,0.967058,0.974579,0.981138,0.986727,0.991343,0.994981,0.997637,0.999308,0.999994,0.999691,0.998403,0.996129,0.992872,0.988636,0.983423,0.97724,0.970093,0.961988,0.952934,0.942939,0.932014,0.920168,0.907414,0.893765,0.879234,0.863836,0.847584,0.830497
-0.836026,-0.818378,-0.799922,-0.780678,-0.760663,-0.739896,-0.7184,-0.696194,-0.673301,-0.649744,-0.625546,-0.600731,-0.575322,-0.549346,-0.522827,-0.495793,-0.468268,-0.440282,-0.411862,-0.383035,-0.353829,-0.324275,-0.2944,-0.264235,-0.233809,-0.203153,-0.172297,-0.14127,-0.110103,-0.0788284,-0.0474758,-0.0160765,0.0153385,0.046738,0.0780918,0.109368,0.140537,0.171566,0.202427,0.233088,0.263518,0.293688,0.323569,0.35313,0.382343,0.411178,0.439608,0.467604,0.495139,0.522184,0.548714,0.574703,0.600125,0.624955,0.649167,0.672739,0.695647,0.717869,0.739382,0.760165,0.780199,0.799461,0.817936,0.835604,0.852447,0.868448,0.883592,0.897864,0.911251,0.923739,0.935316,0.945968,0.955688,0.964465,0.97229,0.979156,0.985054,0.98998,0.99393,0.996898,0.998883,0.999883,0.999895,0.99892,0.99696,0.994016,0.990091,0.985188,0.979314,0.972473,0.964672,0.955919,0.946222,0.935591,0.924037,0.911571,0.898206,0.883954,0.86883,0.852849,0.836026
-0.841471,-0.824084,-0.805883,-0.786888,-0.767116,-0.746586,-0.72532,-0.703338,-0.680661,-0.657313,-0.633316,-0.608695,-0.583472,-0.557674,-0.531325,-0.504452,-0.477081,-0.449239,-0.420953,-0.392253,-0.363164,-0.333718,-0.303942,-0.273866,-0.243521,-0.212934,-0.182138,-0.151163,-0.120037,-0.0887934,-0.057462,-0.0260741,0.00533935,0.036747,0.068119,0.0994233,0.130629,0.161706,0.192624,0.223352,0.253859,0.284115,0.314091,0.343757,0.373084,0.402043,0.430604,0.458742,0.486426,0.51363,0.540327,0.566491,0.592097,0.617117,0.641528,0.665307,0.688429,0.710871,0.732612,0.753631,0.773905,0.793415,0.812143,0.830069,0.847176,0.863447,0.878866,0.893417,0.907088,0.919863,0.931731,0.942679,0.952697,0.961775,0.969904,0.977076,0.983282,0.988519,0.99278,0.996061,0.998359,0.999673,0.999999,0.999338,0.997692,0.99506,0.991447,0.986855,0.981289,0.974755,0.967259,0.958808,0.949411,0.939076,0.927814,0.915637,0.902557,0.888586,0.873738,0.858028,0.841471
