0.000000000000000000e+00,3.090169943749473958e-01,5.877852522924731371e-01,8.090169943749474513e-01,9.510565162951535312e-01,1.000000000000000000e+00,9.510565162951535312e-01,8.090169943749474513e-01,5.877852522924732481e-01,3.090169943749475068e-01,1.224646799147353207e-16,-3.090169943749477288e-01,-5.877852522924733591e-01,-8.090169943749473402e-01,-9.510565162951535312e-01,-1.000000000000000000e+00,-9.510565162951536422e-01,-8.090169943749470072e-01,-5.877852522924733591e-01,-3.090169943749476178e-01,-2.449293598294706414e-16
0.000000000000000000e+00,3.030253291299799812e-01,5.763884277431021719e-01,7.933306111144112771e-01,9.326160668104521712e-01,9.806105639688624809e-01,9.326160668104521712e-01,7.933306111144113881e-01,5.763884277431023939e-01,3.030253291299800922e-01,4.804844153994393630e-17,-3.030253291299802587e-01,-5.763884277431023939e-01,-7.933306111144111661e-01,-9.326160668104521712e-01,-9.806105639688624809e-01,-9.326160668104521712e-01,-7.933306111144109440e-01,-5.763884277431022829e-01,-3.030253291299801477e-01,0.000000000000000000e+00
0.000000000000000000e+00,2.971498388949998515e-01,5.652125811942894096e-01,7.779483779786651176e-01,9.145331672414198643e-01,9.615970781673305323e-01,9.145331672414198643e-01,7.779483779786653397e-01,5.652125811942896316e-01,2.971498388949999625e-01,3.207539058250289181e-18,-2.971498388950000735e-01,-5.652125811942896316e-01,-7.779483779786651176e-01,-9.145331672414198643e-01,-9.615970781673304213e-01,-9.145331672414197532e-01,-7.779483779786648956e-01,-5.652125811942894096e-01,-2.971498388949999625e-01,0.000000000000000000e+00
0.000000000000000000e+00,2.913882711020824301e-01,5.542534280072286546e-01,7.628643976683205929e-01,8.968008848968387348e-01,9.429522531324763257e-01,8.968008848968387348e-01,7.628643976683209260e-01,5.542534280072287656e-01,2.913882711020825411e-01,-1.643735462103364673e-17,-2.913882711020826521e-01,-5.542534280072287656e-01,-7.628643976683207040e-01,-8.968008848968387348e-01,-9.429522531324763257e-01,-8.968008848968387348e-01,-7.628643976683204819e-01,-5.542534280072286546e-01,-2.913882711020825411e-01,0.000000000000000000e+00
0.000000000000000000e+00,2.857384168593248841e-01,5.435067666198437619e-01,7.480728872292984333e-01,8.794124215064639261e-01,9.246689407399470984e-01,8.794124215064640371e-01,7.480728872292987663e-01,5.435067666198439840e-01,2.857384168593249396e-01,-2.070868633754983321e-17,-2.857384168593249951e-01,-5.435067666198438729e-01,-7.480728872292985443e-01,-8.794124215064640371e-01,-9.246689407399470984e-01,-8.794124215064638150e-01,-7.480728872292983223e-01,-5.435067666198437619e-01,-2.857384168593249396e-01,0.000000000000000000e+00
0.000000000000000000e+00,2.801981101039925370e-01,5.329684769359779306e-01,7.335681758357375237e-01,8.623611106146765737e-01,9.067401314634903065e-01,8.623611106146766847e-01,7.335681758357379678e-01,5.329684769359781527e-01,2.801981101039925370e-01,-1.729323707268214498e-17,-2.801981101039925370e-01,-5.329684769359780416e-01,-7.335681758357377458e-01,-8.623611106146766847e-01,-9.067401314634901954e-01,-8.623611106146765737e-01,-7.335681758357375237e-01,-5.329684769359779306e-01,-2.801981101039925370e-01,0.000000000000000000e+00
0.000000000000000000e+00,2.747652267720855357e-01,5.226345187458150132e-01,7.193447026158923396e-01,8.456404150246725759e-01,8.891589516876137189e-01,8.456404150246726870e-01,7.193447026158926727e-01,5.226345187458152353e-01,2.747652267720855912e-01,-1.003439731712251940e-17,-2.747652267720855357e-01,-5.226345187458150132e-01,-7.193447026158923396e-01,-8.456404150246727980e-01,-8.891589516876137189e-01,-8.456404150246725759e-01,-7.193447026158923396e-01,-5.226345187458150132e-01,-2.747652267720855357e-01,0.000000000000000000e+00
0.000000000000000000e+00,2.694376839840071369e-01,5.125009301769286596e-01,7.053970145201837738e-01,8.292439242922070575e-01,8.719186610723533848e-01,8.292439242922071685e-01,7.053970145201842179e-01,5.125009301769289927e-01,2.694376839840072480e-01,5.339164645645217698e-19,-2.694376839840071924e-01,-5.125009301769286596e-01,-7.053970145201838848e-01,-8.292439242922073905e-01,-8.719186610723534958e-01,-8.292439242922071685e-01,-7.053970145201837738e-01,-5.125009301769286596e-01,-2.694376839840071369e-01,0.000000000000000000e+00
0.000000000000000000e+00,2.642134392460213643e-01,5.025638261753646585e-01,6.917197642305893401e-01,8.131653522679338497e-01,8.550126499691358406e-01,8.131653522679340718e-01,6.917197642305896732e-01,5.025638261753649916e-01,2.642134392460215309e-01,1.275696725931527035e-17,-2.642134392460214198e-01,-5.025638261753646585e-01,-6.917197642305894512e-01,-8.131653522679341828e-01,-8.550126499691360626e-01,-8.131653522679339607e-01,-6.917197642305892291e-01,-5.025638261753646585e-01,-2.642134392460213643e-01,0.000000000000000000e+00
0.000000000000000000e+00,2.590904896671938351e-01,4.928193970161737214e-01,6.783077081105668427e-01,7.973985346873972979e-01,8.384344368867459041e-01,7.973985346873975200e-01,6.783077081105670647e-01,4.928193970161739434e-01,2.590904896671939461e-01,2.788905473177004145e-17,-2.590904896671938351e-01,-4.928193970161737214e-01,-6.783077081105669537e-01,-7.973985346873977420e-01,-8.384344368867462371e-01,-7.973985346873975200e-01,-6.783077081105667316e-01,-4.928193970161736659e-01,-2.590904896671938351e-01,0.000000000000000000e+00
0.000000000000000000e+00,2.540668711915156641e-01,4.832639068428248308e-01,6.651557041947295801e-01,7.819374268077532442e-01,8.221776660064276099e-01,7.819374268077534662e-01,6.651557041947298021e-01,4.832639068428250528e-01,2.540668711915158307e-01,4.031232420073248733e-17,-2.540668711915156641e-01,-4.832639068428248308e-01,-6.651557041947295801e-01,-7.819374268077536883e-01,-8.221776660064277209e-01,-7.819374268077534662e-01,-6.651557041947293580e-01,-4.832639068428247198e-01,-2.540668711915156641e-01,0.000000000000000000e+00
0.000000000000000000e+00,2.491406578449165132e-01,4.738936922349382685e-01,6.522587102174995932e-01,7.667761010903120233e-01,8.062361047451660490e-01,7.667761010903122454e-01,6.522587102174998153e-01,4.738936922349384906e-01,2.491406578449166520e-01,5.207507405833949174e-17,-2.491406578449165132e-01,-4.738936922349382685e-01,-6.522587102174997042e-01,-7.667761010903124674e-01,-8.062361047451662710e-01,-7.667761010903122454e-01,-6.522587102174994822e-01,-4.738936922349381575e-01,-2.491406578449164855e-01,0.000000000000000000e+00
0.000000000000000000e+00,2.443099609968769903e-01,4.647051608037893744e-01,6.396117816799851141e-01,7.519087449280164037e-01,7.906036413662160811e-01,7.519087449280166258e-01,6.396117816799853362e-01,4.647051608037895409e-01,2.443099609968771013e-01,5.309922325440793592e-17,-2.443099609968769625e-01,-4.647051608037893744e-01,-6.396117816799852251e-01,-7.519087449280168478e-01,-7.906036413662163032e-01,-7.519087449280166258e-01,-6.396117816799850031e-01,-4.647051608037892634e-01,-2.443099609968769625e-01,0.000000000000000000e+00
0.000000000000000000e+00,2.395729286363583732e-01,4.556947898150447984e-01,6.272100699543391444e-01,7.373296584169818368e-01,7.752742826359615425e-01,7.373296584169819479e-01,6.272100699543393665e-01,4.556947898150449650e-01,2.395729286363584565e-01,5.708074480439577221e-17,-2.395729286363583177e-01,-4.556947898150448539e-01,-6.272100699543392555e-01,-7.373296584169821699e-01,-7.752742826359617645e-01,-7.373296584169819479e-01,-6.272100699543390334e-01,-4.556947898150447429e-01,-2.395729286363583177e-01,0.000000000000000000e+00
0.000000000000000000e+00,2.349277446617714094e-01,4.468591248382033365e-01,6.150488204248741875e-01,7.230332521712452554e-01,7.602421515262054452e-01,7.230332521712453664e-01,6.150488204248744095e-01,4.468591248382035586e-01,2.349277446617715204e-01,5.560205862743607924e-17,-2.349277446617713816e-01,-4.468591248382033920e-01,-6.150488204248742985e-01,-7.230332521712456995e-01,-7.602421515262058893e-01,-7.230332521712453664e-01,-6.150488204248740765e-01,-4.468591248382032255e-01,-2.349277446617713538e-01,0.000000000000000000e+00
0.000000000000000000e+00,2.303726281847125745e-01,4.381947784222228748e-01,6.031233706652194826e-01,7.090140451798856436e-01,7.455014849610137606e-01,7.090140451798856436e-01,6.031233706652197046e-01,4.381947784222230968e-01,2.303726281847126856e-01,5.486271553895622660e-17,-2.303726281847125745e-01,-4.381947784222229858e-01,-6.031233706652197046e-01,-7.090140451798859766e-01,-7.455014849610140937e-01,-7.090140451798856436e-01,-6.031233706652194826e-01,-4.381947784222228748e-01,-2.303726281847125190e-01,0.000000000000000000e+00
0.000000000000000000e+00,2.259058328472000610e-01,4.296984287968267369e-01,5.914291486508221896e-01,6.952666627056922621e-01,7.310466316072441462e-01,6.952666627056922621e-01,5.914291486508223006e-01,4.296984287968269034e-01,2.259058328472001720e-01,5.171748643315341262e-17,-2.259058328472000610e-01,-4.296984287968268479e-01,-5.914291486508223006e-01,-6.952666627056924842e-01,-7.310466316072444792e-01,-6.952666627056922621e-01,-5.914291486508221896e-01,-4.296984287968267369e-01,-2.259058328472000055e-01,0.000000000000000000e+00
0.000000000000000000e+00,2.215256461521484255e-01,4.213668185989903336e-01,5.799616710061069602e-01,6.817858342245777248e-01,7.168720497079169585e-01,6.817858342245777248e-01,5.799616710061070712e-01,4.213668185989905002e-01,2.215256461521485365e-01,4.667542492829839144e-17,-2.215256461521484255e-01,-4.213668185989904447e-01,-5.799616710061070712e-01,-6.817858342245779468e-01,-7.168720497079172915e-01,-6.817858342245778358e-01,-5.799616710061069602e-01,-4.213668185989903892e-01,-2.215256461521483977e-01,0.000000000000000000e+00
0.000000000000000000e+00,2.172303888068249367e-01,4.131967536241212824e-01,5.687165412856223234e-01,6.685663914049444490e-01,7.029723049575948846e-01,6.685663914049445600e-01,5.687165412856225455e-01,4.131967536241214489e-01,2.172303888068250477e-01,4.692995173743377159e-17,-2.172303888068249367e-01,-4.131967536241213934e-01,-5.687165412856225455e-01,-6.685663914049447820e-01,-7.029723049575951066e-01,-6.685663914049446710e-01,-5.687165412856224345e-01,-4.131967536241213379e-01,-2.172303888068249367e-01,0.000000000000000000e+00
0.000000000000000000e+00,2.130184140790358782e-01,4.051851016014526574e-01,5.576894482885149662e-01,6.556032661262298777e-01,6.893420684189582870e-01,6.556032661262298777e-01,5.576894482885151882e-01,4.051851016014528795e-01,2.130184140790359892e-01,4.879193861797826876e-17,-2.130184140790358782e-01,-4.051851016014527684e-01,-5.576894482885152993e-01,-6.556032661262300998e-01,-6.893420684189586201e-01,-6.556032661262300998e-01,-5.576894482885150772e-01,-4.051851016014527129e-01,-2.130184140790358782e-01,0.000000000000000000e+00
0.000000000000000000e+00,2.088881071657960331e-01,3.973287909931813022e-01,5.468761644056844284e-01,6.428914885358705256e-01,6.759761144797769017e-01,6.428914885358705256e-01,5.468761644056846505e-01,3.973287909931815243e-01,2.088881071657961441e-01,4.694737449668762661e-17,-2.088881071657960609e-01,-3.973287909931814688e-01,-5.468761644056847615e-01,-6.428914885358707476e-01,-6.759761144797771237e-01,-6.428914885358707476e-01,-5.468761644056845395e-01,-3.973287909931814132e-01,-2.088881071657960331e-01,0.000000000000000000e+00
0.000000000000000000e+00,2.048378845742394039e-01,3.896248098168897944e-01,5.362725439989866061e-01,6.304261851439414421e-01,6.628693188494944044e-01,6.304261851439415532e-01,5.362725439989868281e-01,3.896248098168900165e-01,2.048378845742395427e-01,4.429036896006549535e-17,-2.048378845742394594e-01,-3.896248098168899610e-01,-5.362725439989868281e-01,-6.304261851439416642e-01,-6.628693188494946265e-01,-6.304261851439416642e-01,-5.362725439989866061e-01,-3.896248098168898499e-01,-2.048378845742394594e-01,0.000000000000000000e+00
0.000000000000000000e+00,2.008661935145336641e-01,3.820702044908010908e-01,5.258745218118627829e-01,6.182025769547390137e-01,6.500166565946583486e-01,6.182025769547390137e-01,5.258745218118630049e-01,3.820702044908013129e-01,2.008661935145337751e-01,3.949241923980081862e-17,-2.008661935145337196e-01,-3.820702044908013129e-01,-5.258745218118631159e-01,-6.182025769547392358e-01,-6.500166565946585706e-01,-6.182025769547392358e-01,-5.258745218118630049e-01,-3.820702044908012018e-01,-2.008661935145336919e-01,0.000000000000000000e+00
0.000000000000000000e+00,1.969715113045655275e-01,3.746620787014230958e-01,5.156781114107866770e-01,6.062159776345906748e-01,6.374132002124424101e-01,6.062159776345907858e-01,5.156781114107868991e-01,3.746620787014233178e-01,1.969715113045656385e-01,3.084843986615197533e-17,-1.969715113045655830e-01,-3.746620787014233178e-01,-5.156781114107868991e-01,-6.062159776345910078e-01,-6.374132002124426322e-01,-6.062159776345908968e-01,-5.156781114107868991e-01,-3.746620787014232068e-01,-1.969715113045655552e-01,0.000000000000000000e+00
0.000000000000000000e+00,1.931523447861691611e-01,3.673975922931488336e-01,5.056794036569294271e-01,5.944617917151913122e-01,6.250541177415205318e-01,5.944617917151914233e-01,5.056794036569296491e-01,3.673975922931490556e-01,1.931523447861692722e-01,2.756728426491363733e-17,-1.931523447861692444e-01,-3.673975922931490556e-01,-5.056794036569296491e-01,-5.944617917151915343e-01,-6.250541177415208649e-01,-5.944617917151915343e-01,-5.056794036569296491e-01,-3.673975922931489446e-01,-1.931523447861692167e-01,0.000000000000000000e+00
0.000000000000000000e+00,1.894072297526734894e-01,3.602739601793868429e-01,4.958745652074596499e-01,5.829355128317741386e-01,6.129346709095722101e-01,5.829355128317743606e-01,4.958745652074598720e-01,3.602739601793870650e-01,1.894072297526736004e-01,1.968170195077796186e-17,-1.894072297526736004e-01,-3.602739601793870650e-01,-4.958745652074598720e-01,-5.829355128317744716e-01,-6.129346709095725432e-01,-5.829355128317743606e-01,-4.958745652074598720e-01,-3.602739601793870650e-01,-1.894072297526736004e-01,0.000000000000000000e+00
0.000000000000000000e+00,1.857347303875490629e-01,3.532884512748040162e-01,4.862598370459014774e-01,5.716327219954441263e-01,6.010502133167047178e-01,5.716327219954442374e-01,4.862598370459016994e-01,3.532884512748042383e-01,1.857347303875491740e-01,1.747363426968693276e-17,-1.857347303875491740e-01,-3.532884512748042383e-01,-4.862598370459016994e-01,-5.716327219954444594e-01,-6.010502133167050509e-01,-5.716327219954443484e-01,-4.862598370459016994e-01,-3.532884512748042383e-01,-1.857347303875491740e-01,0.000000000000000000e+00
0.000000000000000000e+00,1.821334387139391109e-01,3.464383874482716008e-01,4.768315330409885755e-01,5.605490858990084257e-01,5.893961886540989292e-01,5.605490858990085368e-01,4.768315330409887975e-01,3.464383874482718229e-01,1.821334387139392219e-01,1.290015347718780402e-17,-1.821334387139392219e-01,-3.464383874482718229e-01,-4.768315330409888531e-01,-5.605490858990087588e-01,-5.893961886540992623e-01,-5.605490858990086478e-01,-4.768315330409887975e-01,-3.464383874482717673e-01,-1.821334387139392219e-01,0.000000000000000000e+00
0.000000000000000000e+00,1.786019740548641099e-01,3.397211424961129045e-01,4.675860385334611458e-01,5.496803552556569494e-01,5.779681289571940717e-01,5.496803552556570605e-01,4.675860385334612568e-01,3.397211424961130710e-01,1.786019740548641932e-01,7.143966128984624696e-18,-1.786019740548641932e-01,-3.397211424961131265e-01,-4.675860385334613678e-01,-5.496803552556572825e-01,-5.779681289571942937e-01,-5.496803552556572825e-01,-4.675860385334613123e-01,-3.397211424961130710e-01,-1.786019740548641932e-01,0.000000000000000000e+00
0.000000000000000000e+00,1.751389825038924264e-01,3.331341411352595760e-01,4.585198089502635632e-01,5.390223631698545237e-01,5.667616528927422737e-01,5.390223631698545237e-01,4.585198089502637298e-01,3.331341411352597426e-01,1.751389825038925097e-01,7.964255029294216130e-19,-1.751389825038925374e-01,-3.331341411352597981e-01,-4.585198089502637853e-01,-5.390223631698547457e-01,-5.667616528927426067e-01,-5.390223631698547457e-01,-4.585198089502637853e-01,-3.331341411352597426e-01,-1.751389825038925374e-01,0.000000000000000000e+00
0.000000000000000000e+00,1.717431364060746923e-01,3.266748580159294923e-01,4.496293684456130202e-01,5.285710235398199952e-01,5.557724640790766557e-01,5.285710235398199952e-01,4.496293684456131867e-01,3.266748580159297144e-01,1.717431364060747756e-01,-7.581515238028601211e-18,-1.717431364060748034e-01,-3.266748580159297699e-01,-4.496293684456132977e-01,-5.285710235398203283e-01,-5.557724640790769888e-01,-5.285710235398203283e-01,-4.496293684456132977e-01,-3.266748580159296589e-01,-1.717431364060748034e-01,0.000000000000000000e+00
0.000000000000000000e+00,1.684131338489421870e-01,3.203408167534486650e-01,4.409113085684159827e-01,5.183223294909817813e-01,5.449963494389477026e-01,5.183223294909817813e-01,4.409113085684162048e-01,3.203408167534489426e-01,1.684131338489422702e-01,-8.994928046944721119e-18,-1.684131338489422980e-01,-3.203408167534489426e-01,-4.409113085684163158e-01,-5.183223294909821144e-01,-5.449963494389480356e-01,-5.183223294909820034e-01,-4.409113085684163158e-01,-3.203408167534488871e-01,-1.684131338489422980e-01,0.000000000000000000e+00
0.000000000000000000e+00,1.651476981633747121e-01,3.141295889788453533e-01,4.323622869555235337e-01,5.082723518398062357e-01,5.344291775842977543e-01,5.082723518398062357e-01,4.323622869555237558e-01,3.141295889788455753e-01,1.651476981633748231e-01,-1.143635792737958894e-17,-1.651476981633748231e-01,-3.141295889788455753e-01,-4.323622869555238668e-01,-5.082723518398064577e-01,-5.344291775842980874e-01,-5.082723518398064577e-01,-4.323622869555238113e-01,-3.141295889788455753e-01,-1.651476981633748231e-01,0.000000000000000000e+00
0.000000000000000000e+00,1.619455774341463650e-01,3.080387934078525625e-01,4.239790260503231156e-01,4.984172375874124095e-01,5.240668972323535568e-01,4.984172375874124650e-01,4.239790260503232822e-01,3.080387934078527290e-01,1.619455774341464482e-01,-9.881515306034132111e-18,-1.619455774341464760e-01,-3.080387934078527845e-01,-4.239790260503234487e-01,-4.984172375874127425e-01,-5.240668972323538899e-01,-4.984172375874127425e-01,-4.239790260503233377e-01,-3.080387934078526735e-01,-1.619455774341464482e-01,0.000000000000000000e+00
0.000000000000000000e+00,1.588055440199613588e-01,3.020660949279622143e-01,4.157583118461763982e-01,4.887532084423950041e-01,5.139055356524301343e-01,4.887532084423951151e-01,4.157583118461765648e-01,3.020660949279623253e-01,1.588055440199614421e-01,-1.014492808094748657e-17,-1.588055440199614698e-01,-3.020660949279624363e-01,-4.157583118461767313e-01,-4.887532084423953371e-01,-5.139055356524304674e-01,-4.887532084423953371e-01,-4.157583118461766203e-01,-3.020660949279623253e-01,-1.588055440199614421e-01,0.000000000000000000e+00
0.000000000000000000e+00,1.557263940827963156e-01,2.962092037031809344e-01,4.076969926542212130e-01,4.792765593722879691e-01,5.039411971428497949e-01,4.792765593722880801e-01,4.076969926542214351e-01,2.962092037031810454e-01,1.557263940827963988e-01,-1.201135794438097166e-17,-1.557263940827964266e-01,-2.962092037031811564e-01,-4.076969926542215461e-01,-4.792765593722883022e-01,-5.039411971428502390e-01,-4.792765593722883022e-01,-4.076969926542214351e-01,-2.962092037031811009e-01,-1.557263940827963988e-01,0.000000000000000000e+00
0.000000000000000000e+00,1.527069471263682310e-01,2.904658742961439000e-01,3.997919778950650427e-01,4.699836571831152998e-01,4.941700615373937344e-01,4.699836571831154108e-01,3.997919778950652092e-01,2.904658742961440110e-01,1.527069471263682865e-01,-1.467929635207452053e-17,-1.527069471263683420e-01,-2.904658742961441775e-01,-3.997919778950653757e-01,-4.699836571831156329e-01,-4.941700615373940675e-01,-4.699836571831156329e-01,-3.997919778950652647e-01,-2.904658742961441220e-01,-1.527069471263682865e-01,0.000000000000000000e+00
0.000000000000000000e+00,1.497460455435511983e-01,2.848339048072504043e-01,3.920402369139067145e-01,4.608709391264831923e-01,4.845883827407111433e-01,4.608709391264833033e-01,3.920402369139068810e-01,2.848339048072505153e-01,1.497460455435512539e-01,-2.225827006943779912e-17,-1.497460455435513371e-01,-2.848339048072506818e-01,-3.920402369139070475e-01,-4.608709391264835808e-01,-4.845883827407114763e-01,-4.608709391264835253e-01,-3.920402369139069920e-01,-2.848339048072505708e-01,-1.497460455435512816e-01,0.000000000000000000e+00
0.000000000000000000e+00,1.468425541725686956e-01,2.793111360304910695e-01,3.844387978186325494e-01,4.519349115336799838e-01,4.751924872921277632e-01,4.519349115336800948e-01,3.844387978186327159e-01,2.793111360304912361e-01,1.468425541725687511e-01,-2.778248040409624397e-17,-1.468425541725688621e-01,-2.793111360304914026e-01,-3.844387978186328825e-01,-4.519349115336803724e-01,-4.751924872921280407e-01,-4.519349115336803169e-01,-3.844387978186327715e-01,-2.793111360304912916e-01,-1.468425541725687788e-01,0.000000000000000000e+00
0.000000000000000000e+00,1.439953598617908226e-01,2.738954506256435217e-01,3.769847463404407684e-01,4.431721484762599639e-01,4.659787729572999471e-01,4.431721484762600194e-01,3.769847463404408794e-01,2.738954506256436883e-01,1.439953598617908781e-01,-4.025903703689558859e-17,-1.439953598617910169e-01,-2.738954506256438548e-01,-3.769847463404411014e-01,-4.431721484762602414e-01,-4.659787729573001691e-01,-4.431721484762602414e-01,-3.769847463404409904e-01,-2.738954506256436883e-01,-1.439953598617909059e-01,0.000000000000000000e+00
0.000000000000000000e+00,1.412033710429699829e-01,2.685847723065180048e-01,3.696752247165582261e-01,4.345792904525977440e-01,4.569437073471763755e-01,4.345792904525977995e-01,3.696752247165583372e-01,2.685847723065181714e-01,1.412033710429700661e-01,-4.996676230524887200e-17,-1.412033710429702049e-01,-2.685847723065183379e-01,-3.696752247165585037e-01,-4.345792904525980216e-01,-4.569437073471767086e-01,-4.345792904525980216e-01,-3.696752247165584482e-01,-2.685847723065182269e-01,-1.412033710429700939e-01,0.000000000000000000e+00
0.000000000000000000e+00,1.384655173127513350e-01,2.633770650449431816e-01,3.625074305946200948e-01,4.261530430999099228e-01,4.480838265637374640e-01,4.261530430999099783e-01,3.625074305946202613e-01,2.633770650449432926e-01,1.384655173127514183e-01,-5.551451432981624333e-17,-1.384655173127515571e-01,-2.633770650449434592e-01,-3.625074305946204278e-01,-4.261530430999102004e-01,-4.480838265637377971e-01,-4.261530430999102559e-01,-3.625074305946203168e-01,-2.633770650449433481e-01,-1.384655173127514460e-01,0.000000000000000000e+00
0.000000000000000000e+00,1.357807490222973645e-01,2.582703322901854781e-01,3.554786159582936644e-01,4.178901759312496633e-01,4.393957338719925998e-01,4.178901759312496633e-01,3.554786159582937755e-01,2.582703322901855891e-01,1.357807490222974478e-01,-6.175783729405353702e-17,-1.357807490222975866e-01,-2.582703322901858112e-01,-3.554786159582939975e-01,-4.178901759312499964e-01,-4.393957338719928218e-01,-4.178901759312499964e-01,-3.554786159582938865e-01,-2.582703322901857002e-01,-1.357807490222974756e-01,0.000000000000000000e+00
0.000000000000000000e+00,1.331480368748695908e-01,2.532626162035042650e-01,3.485860860737330369e-01,4.097875210969899040e-01,4.308760983977268921e-01,4.097875210969899040e-01,3.485860860737330924e-01,2.532626162035044315e-01,1.331480368748696741e-01,-6.661422225214899096e-17,-1.331480368748698129e-01,-2.532626162035046535e-01,-3.485860860737333700e-01,-4.097875210969902371e-01,-4.308760983977271142e-01,-4.097875210969901816e-01,-3.485860860737333144e-01,-2.532626162035045425e-01,-1.331480368748697019e-01,0.000000000000000000e+00
0.000000000000000000e+00,1.305663715312127549e-01,2.483519969075478617e-01,3.418271984564617560e-01,4.018419721703213598e-01,4.225216538504980024e-01,4.018419721703213598e-01,3.418271984564618671e-01,2.483519969075480283e-01,1.305663715312128381e-01,-6.973630412158744446e-17,-1.305663715312130047e-01,-2.483519969075482781e-01,-3.418271984564621446e-01,-4.018419721703216929e-01,-4.225216538504982799e-01,-4.018419721703216929e-01,-3.418271984564620336e-01,-2.483519969075481670e-01,-1.305663715312128936e-01,0.000000000000000000e+00
0.000000000000000000e+00,1.280347632225905807e-01,2.435365917503036770e-01,3.351993618582872481e-01,3.940504829562987421e-01,4.143291972713932791e-01,3.940504829562987421e-01,3.351993618582873591e-01,2.435365917503038435e-01,1.280347632225906640e-01,-7.754234956982317305e-17,-1.280347632225908305e-01,-2.435365917503041211e-01,-3.351993618582876366e-01,-3.940504829562991307e-01,-4.143291972713936122e-01,-3.940504829562990752e-01,-3.351993618582875256e-01,-2.435365917503039823e-01,-1.280347632225907195e-01,0.000000000000000000e+00
0.000000000000000000e+00,1.255522413713243135e-01,2.388145545833199046e-01,3.287000352738578268e-01,3.864100663239787292e-01,4.062955878050670266e-01,3.864100663239787847e-01,3.287000352738579378e-01,2.388145545833200711e-01,1.255522413713243968e-01,-7.866981473237814970e-17,-1.255522413713245633e-01,-2.388145545833203487e-01,-3.287000352738582709e-01,-3.864100663239791178e-01,-4.062955878050673597e-01,-3.864100663239790068e-01,-3.287000352738581599e-01,-2.388145545833202099e-01,-1.255522413713244800e-01,0.000000000000000000e+00
0.000000000000000000e+00,1.231178542186890795e-01,2.341840750539220251e-01,3.223267269664827350e-01,3.789177930612023237e-01,3.984177454955872832e-01,3.789177930612023792e-01,3.223267269664827905e-01,2.341840750539221916e-01,1.231178542186891489e-01,-8.096827078963243895e-17,-1.231178542186893293e-01,-2.341840750539224691e-01,-3.223267269664831236e-01,-3.789177930612027123e-01,-3.984177454955876163e-01,-3.789177930612026568e-01,-3.223267269664830126e-01,-2.341840750539223026e-01,-1.231178542186892461e-01,0.000000000000000000e+00
0.000000000000000000e+00,1.207306684600248925e-01,2.296433779111529128e-01,3.160769935128401320e-01,3.715707907515822805e-01,3.906926501056305900e-01,3.715707907515823916e-01,3.160769935128402430e-01,2.296433779111530515e-01,1.207306684600249480e-01,-8.524000107501783758e-17,-1.207306684600251423e-01,-2.296433779111533013e-01,-3.160769935128405761e-01,-3.715707907515827246e-01,-3.906926501056309231e-01,-3.715707907515827246e-01,-3.160769935128404651e-01,-2.296433779111531903e-01,-1.207306684600250452e-01,0.000000000000000000e+00
0.000000000000000000e+00,1.183897688869227638e-01,2.251907223251702894e-01,3.099484388662086531e-01,3.643662426732652837e-01,3.831173399585718897e-01,3.643662426732653947e-01,3.099484388662088197e-01,2.251907223251704004e-01,1.183897688869228054e-01,-9.396781542642241125e-17,-1.183897688869230136e-01,-2.251907223251706502e-01,-3.099484388662090972e-01,-3.643662426732657278e-01,-3.831173399585722228e-01,-3.643662426732656723e-01,-3.099484388662089862e-01,-2.251907223251705670e-01,-1.183897688869229303e-01,0.000000000000000000e+00
0.000000000000000000e+00,1.160942580363486243e-01,2.208244012198407047e-01,3.039387134378613853e-01,3.573013867190460990e-01,3.756889108030255775e-01,3.573013867190462101e-01,3.039387134378615518e-01,2.208244012198408712e-01,1.160942580363486520e-01,-9.867866729732006443e-17,-1.160942580363488741e-01,-2.208244012198411210e-01,-3.039387134378618294e-01,-3.573013867190465431e-01,-3.756889108030259106e-01,-3.573013867190464876e-01,-3.039387134378617183e-01,-2.208244012198410100e-01,-1.160942580363487908e-01,0.000000000000000000e+00
0.000000000000000000e+00,1.138432558465704569e-01,2.165427406182743597e-01,2.980455131962717052e-01,3.503735143374204219e-01,3.684045146994026076e-01,3.503735143374205330e-01,2.980455131962719273e-01,2.165427406182745262e-01,1.138432558465704986e-01,-1.041565954895271389e-16,-1.138432558465707345e-01,-2.165427406182747760e-01,-2.980455131962721493e-01,-3.503735143374208105e-01,-3.684045146994029407e-01,-3.503735143374208105e-01,-2.980455131962720383e-01,-2.165427406182746650e-01,-1.138432558465706235e-01,0.000000000000000000e+00
0.000000000000000000e+00,1.116358993197569538e-01,2.123440990010491136e-01,2.922665787837850360e-01,3.435799694941701343e-01,3.612613589280562754e-01,3.435799694941703009e-01,2.922665787837852580e-01,2.123440990010492802e-01,1.116358993197569816e-01,-1.120997300135610974e-16,-1.116358993197572314e-01,-2.123440990010495300e-01,-2.922665787837854801e-01,-3.435799694941705784e-01,-3.612613589280565529e-01,-3.435799694941705784e-01,-2.922665787837853690e-01,-2.123440990010493912e-01,-1.116358993197571203e-01,0.000000000000000000e+00
0.000000000000000000e+00,1.094713421911180096e-01,2.082268666768787302e-01,2.865996946504174581e-01,3.369181476540827891e-01,3.542567049185988970e-01,3.369181476540829001e-01,2.865996946504176801e-01,2.082268666768788967e-01,1.094713421911180373e-01,-1.160712972755780889e-16,-1.094713421911182871e-01,-2.082268666768791188e-01,-2.865996946504178466e-01,-3.369181476540832332e-01,-3.542567049185991745e-01,-3.369181476540831222e-01,-2.865996946504177911e-01,-2.082268666768790077e-01,-1.094713421911181761e-01,0.000000000000000000e+00
0.000000000000000000e+00,1.073487546044605556e-01,2.041894651654832249e-01,2.810426882044496644e-01,3.303854947824146349e-01,3.473878671999781620e-01,3.303854947824147459e-01,2.810426882044498309e-01,2.041894651654833637e-01,1.073487546044605834e-01,-1.201387490777587335e-16,-1.073487546044608332e-01,-2.041894651654835857e-01,-2.810426882044500529e-01,-3.303854947824150790e-01,-3.473878671999784951e-01,-3.303854947824149679e-01,-2.810426882044499974e-01,-2.041894651654834747e-01,-1.073487546044607222e-01,0.000000000000000000e+00
0.000000000000000000e+00,1.052673227940350842e-01,2.002303465924248904e-01,2.755934289794905734e-01,3.239795063657152641e-01,3.406522123709109229e-01,3.239795063657153751e-01,2.755934289794906844e-01,2.002303465924250292e-01,1.052673227940351119e-01,-1.230398367168374594e-16,-1.052673227940353617e-01,-2.002303465924252512e-01,-2.755934289794909064e-01,-3.239795063657157081e-01,-3.406522123709112559e-01,-3.239795063657155971e-01,-2.755934289794909064e-01,-2.002303465924251680e-01,-1.052673227940352507e-01,0.000000000000000000e+00
0.000000000000000000e+00,1.032262487725510436e-01,1.963479930956785746e-01,2.702498278176908575e-01,3.176977264516377408e-01,3.340471580902796278e-01,3.176977264516378519e-01,2.702498278176910240e-01,1.963479930956786856e-01,1.032262487725510713e-01,-1.222352400176069903e-16,-1.032262487725513073e-01,-1.963479930956789077e-01,-2.702498278176912461e-01,-3.176977264516381849e-01,-3.340471580902799609e-01,-3.176977264516380739e-01,-2.702498278176911906e-01,-1.963479930956788522e-01,-1.032262487725512101e-01,0.000000000000000000e+00
0.000000000000000000e+00,1.012247500252413945e-01,1.925409162437076716e-01,2.650098360687938026e-01,3.115377467073658924e-01,3.275701720871048717e-01,3.115377467073660034e-01,2.650098360687939691e-01,1.925409162437077826e-01,1.012247500252413945e-01,-1.221798863631871098e-16,-1.012247500252416443e-01,-1.925409162437080046e-01,-2.650098360687942467e-01,-3.115377467073663365e-01,-3.275701720871052602e-01,-3.115377467073662254e-01,-2.650098360687941357e-01,-1.925409162437079491e-01,-1.012247500252415333e-01,0.000000000000000000e+00
0.000000000000000000e+00,9.926205920985908815e-02,1.888076564648237254e-01,2.598714448047156900e-01,3.054972054962986627e-01,3.212187711897132036e-01,3.054972054962987738e-01,2.598714448047158010e-01,1.888076564648238087e-01,9.926205920985908815e-02,-1.244073500547470139e-16,-9.926205920985933795e-02,-1.888076564648240585e-01,-2.598714448047161341e-01,-3.054972054962991068e-01,-3.212187711897136477e-01,-3.054972054962990513e-01,-2.598714448047160230e-01,-1.888076564648239752e-01,-9.926205920985922693e-02,0.000000000000000000e+00
0.000000000000000000e+00,9.733742386249055745e-02,1.851467824876100454e-01,2.548326840493553846e-01,2.995737869726369240e-01,3.149905203737296544e-01,2.995737869726370350e-01,2.548326840493554957e-01,1.851467824876101287e-01,9.733742386249054357e-02,-1.263884436385153694e-16,-9.733742386249079337e-02,-1.851467824876104062e-01,-2.548326840493557732e-01,-2.995737869726373681e-01,-3.149905203737300985e-01,-2.995737869726373126e-01,-2.548326840493556622e-01,-1.851467824876102952e-01,-9.733742386249068235e-02,0.000000000000000000e+00
0.000000000000000000e+00,9.545010610907307680e-02,1.815568907921956132e-01,2.498916220233373398e-01,2.937652201935253560e-01,3.088830318285284982e-01,2.937652201935254670e-01,2.498916220233374230e-01,1.815568907921956687e-01,9.545010610907306292e-02,-1.291137139063763543e-16,-9.545010610907332660e-02,-1.815568907921959463e-01,-2.498916220233377283e-01,-2.937652201935258001e-01,-3.088830318285289422e-01,-2.937652201935256890e-01,-2.498916220233376173e-01,-1.815568907921958353e-01,-9.545010610907320170e-02,0.000000000000000000e+00
0.000000000000000000e+00,9.359938238250592457e-02,1.780366050721681193e-01,2.450463644033986366e-01,2.880692782484099990e-01,3.028939640417854795e-01,2.880692782484100545e-01,2.450463644033987198e-01,1.780366050721681748e-01,9.359938238250589682e-02,-1.296089873023184432e-16,-9.359938238250616049e-02,-1.780366050721684523e-01,-2.450463644033990529e-01,-2.880692782484103875e-01,-3.028939640417858681e-01,-2.880692782484103320e-01,-2.450463644033989141e-01,-1.780366050721683413e-01,-9.359938238250603559e-02,0.000000000000000000e+00
0.000000000000000000e+00,9.178454314524635282e-02,1.745845757069204307e-01,2.402950535961361211e-01,2.824837774052765260e-01,2.970210209017796199e-01,2.824837774052765260e-01,2.402950535961362044e-01,1.745845757069204862e-01,9.178454314524632507e-02,-1.289892622623010841e-16,-9.178454314524658875e-02,-1.745845757069207638e-01,-2.402950535961365097e-01,-2.824837774052768591e-01,-2.970210209017800085e-01,-2.824837774052768591e-01,-2.402950535961363987e-01,-1.745845757069206250e-01,-9.178454314524644997e-02,0.000000000000000000e+00
0.000000000000000000e+00,9.000489261728442103e-02,1.711994792442277924e-01,2.356358680258350824e-01,2.770065762734428283e-01,2.912619508171013782e-01,2.770065762734428283e-01,2.356358680258351657e-01,1.711994792442278757e-01,9.000489261728439327e-02,-1.304141232182692240e-16,-9.000489261728465695e-02,-1.711994792442281255e-01,-2.356358680258354710e-01,-2.770065762734431614e-01,-2.912619508171017668e-01,-2.770065762734431614e-01,-2.356358680258353600e-01,-1.711994792442280144e-01,-9.000489261728450430e-02,0.000000000000000000e+00
0.000000000000000000e+00,8.825974850939218019e-02,1.678800178928577802e-01,2.310670214361066066e-01,2.716355749825845045e-01,2.856145458534288806e-01,2.716355749825845045e-01,2.310670214361066899e-01,1.678800178928578635e-01,8.825974850939215244e-02,-1.311265536962532816e-16,-8.825974850939241612e-02,-1.678800178928581133e-01,-2.310670214361069674e-01,-2.716355749825848376e-01,-2.856145458534292692e-01,-2.716355749825848376e-01,-2.310670214361068842e-01,-1.678800178928580022e-01,-8.825974850939227734e-02,0.000000000000000000e+00
0.000000000000000000e+00,8.654844176154502522e-02,1.646249190250179961e-01,2.265867622050657393e-01,2.663687143776783950e-01,2.800766408870414281e-01,2.663687143776783950e-01,2.265867622050657948e-01,1.646249190250180516e-01,8.654844176154499746e-02,-1.306154071972569068e-16,-8.654844176154526114e-02,-1.646249190250183292e-01,-2.265867622050661001e-01,-2.663687143776787281e-01,-2.800766408870417612e-01,-2.663687143776787281e-01,-2.265867622050660168e-01,-1.646249190250182459e-01,-8.654844176154513624e-02,0.000000000000000000e+00
0.000000000000000000e+00,8.487031628641492076e-02,1.614329346884512129e-01,2.221933726737880255e-01,2.612039752295560735e-01,2.746461127747462649e-01,2.612039752295560735e-01,2.221933726737880810e-01,1.614329346884512684e-01,8.487031628641489300e-02,-1.320945574237355265e-16,-8.487031628641515668e-02,-1.614329346884515459e-01,-2.221933726737884141e-01,-2.612039752295564066e-01,-2.746461127747465980e-01,-2.612039752295564066e-01,-2.221933726737883308e-01,-1.614329346884514349e-01,-8.487031628641503178e-02,0.000000000000000000e+00
0.000000000000000000e+00,8.322472871783706538e-02,1.583028411279907011e-01,2.178851684877869399e-01,2.561393774607637619e-01,2.693208795398997490e-01,2.561393774607637619e-01,2.178851684877869677e-01,1.583028411279907288e-01,8.322472871783703763e-02,-1.337014942749632276e-16,-8.322472871783730131e-02,-1.583028411279910341e-01,-2.178851684877873007e-01,-2.561393774607640950e-01,-2.693208795399001376e-01,-2.561393774607640950e-01,-2.178851684877872175e-01,-1.583028411279909231e-01,-8.322472871783717641e-02,0.000000000000000000e+00
0.000000000000000000e+00,8.161104816415379326e-02,1.552334383163921916e-01,2.136604979512593538e-01,2.511729793864329041e-01,2.640988995742111767e-01,2.511729793864329041e-01,2.136604979512594094e-01,1.552334383163922193e-01,8.161104816415376551e-02,-1.336376009625886869e-16,-8.161104816415402918e-02,-1.552334383163925247e-01,-2.136604979512597424e-01,-2.511729793864332372e-01,-2.640988995742115097e-01,-2.511729793864332372e-01,-2.136604979512596592e-01,-1.552334383163924136e-01,-8.161104816415390428e-02,0.000000000000000000e+00
0.000000000000000000e+00,8.002865596634084477e-02,1.522235494942629774e-01,2.095177413938524302e-01,2.463028769698694109e-01,2.589781708550231709e-01,2.463028769698694109e-01,2.095177413938524857e-01,1.522235494942629774e-01,8.002865596634081702e-02,-1.344730160443898078e-16,-8.002865596634109457e-02,-1.522235494942633105e-01,-2.095177413938528188e-01,-2.463028769698697718e-01,-2.589781708550235595e-01,-2.463028769698697718e-01,-2.095177413938527355e-01,-1.522235494942631995e-01,-8.002865596634095580e-02,0.000000000000000000e+00
0.000000000000000000e+00,7.847694546082356615e-02,1.492720207189112691e-01,2.054553105497079202e-01,2.415272030925769975e-01,2.539567301777687081e-01,2.415272030925770252e-01,2.054553105497079479e-01,1.492720207189112691e-01,7.847694546082353839e-02,-1.362785023660718213e-16,-7.847694546082381595e-02,-1.492720207189116022e-01,-2.054553105497082810e-01,-2.415272030925773583e-01,-2.539567301777690966e-01,-2.415272030925773583e-01,-2.054553105497082255e-01,-1.492720207189114912e-01,-7.847694546082367717e-02,0.000000000000000000e+00
0.000000000000000000e+00,7.695532174689187488e-02,1.463777204219433026e-01,2.014716479485468559e-01,2.368441268384339216e-01,2.490326524033100175e-01,2.368441268384339216e-01,2.014716479485468836e-01,1.463777204219433026e-01,7.695532174689183325e-02,-1.366608284841197909e-16,-7.695532174689209692e-02,-1.463777204219436356e-01,-2.014716479485472167e-01,-2.368441268384342824e-01,-2.490326524033103506e-01,-2.368441268384342546e-01,-2.014716479485471612e-01,-1.463777204219435246e-01,-7.695532174689198590e-02,0.000000000000000000e+00
0.000000000000000000e+00,7.546320145862490947e-02,1.435395389754383078e-01,1.975652263185606605e-01,2.322518527917494802e-01,2.442040497198715299e-01,2.322518527917494802e-01,1.975652263185606605e-01,1.435395389754383078e-01,7.546320145862485396e-02,-1.363315745003507385e-16,-7.546320145862513151e-02,-1.435395389754386131e-01,-1.975652263185609936e-01,-2.322518527917498410e-01,-2.442040497198718629e-01,-2.322518527917498132e-01,-1.975652263185609381e-01,-1.435395389754385298e-01,-7.546320145862502049e-02,0.000000000000000000e+00
0.000000000000000000e+00,7.400001254123805827e-02,1.407563882665350818e-01,1.937345480008797194e-01,2.277486203489306749e-01,2.394690709192833222e-01,2.277486203489306749e-01,1.937345480008797471e-01,1.407563882665350818e-01,7.400001254123800276e-02,-1.384220880272360566e-16,-7.400001254123828032e-02,-1.407563882665353594e-01,-1.937345480008800525e-01,-2.277486203489310357e-01,-2.394690709192837108e-01,-2.277486203489310079e-01,-1.937345480008799692e-01,-1.407563882665353039e-01,-7.400001254123816929e-02,0.000000000000000000e+00
0.000000000000000000e+00,7.256519403176633909e-02,1.380272012802671311e-01,1.899781443753953136e-01,2.233327030434952565e-01,2.348259006872579491e-01,2.233327030434952565e-01,1.899781443753953414e-01,1.380272012802671311e-01,7.256519403176628358e-02,-1.385999830526903244e-16,-7.256519403176656113e-02,-1.380272012802674086e-01,-1.899781443753956467e-01,-2.233327030434956173e-01,-2.348259006872583377e-01,-2.233327030434955618e-01,-1.899781443753955634e-01,-1.380272012802673531e-01,-7.256519403176645011e-02,0.000000000000000000e+00
0.000000000000000000e+00,7.115819584400032149e-02,1.353509316904864535e-01,1.862945752977143710e-01,2.190024078841723565e-01,2.302727589074280989e-01,2.190024078841723842e-01,1.862945752977143987e-01,1.353509316904864535e-01,7.115819584400026598e-02,-1.386889305654174460e-16,-7.115819584400054354e-02,-1.353509316904867310e-01,-1.862945752977147040e-01,-2.190024078841727173e-01,-2.302727589074284875e-01,-2.190024078841726896e-01,-1.862945752977146485e-01,-1.353509316904866755e-01,-7.115819584400043252e-02,0.000000000000000000e+00
0.000000000000000000e+00,6.977847855759192197e-02,1.327265534587188933e-01,1.826824285470314280e-01,2.147560747058371300e-01,2.258078999788789565e-01,2.147560747058371300e-01,1.826824285470314280e-01,1.327265534587189211e-01,6.977847855759186646e-02,-1.396007660597693980e-16,-6.977847855759214402e-02,-1.327265534587191986e-01,-1.826824285470317610e-01,-2.147560747058374908e-01,-2.258078999788793451e-01,-2.147560747058374631e-01,-1.826824285470316778e-01,-1.327265534587191154e-01,-6.977847855759203299e-02,0.000000000000000000e+00
0.000000000000000000e+00,6.842551321124938635e-02,1.301530604407977187e-01,1.791403192847059178e-01,2.105920755330301097e-01,2.214296121469130074e-01,2.105920755330301097e-01,1.791403192847059178e-01,1.301530604407977187e-01,6.842551321124934471e-02,-1.400566838069453863e-16,-6.842551321124962227e-02,-1.301530604407979963e-01,-1.791403192847062509e-01,-2.105920755330304428e-01,-2.214296121469133682e-01,-2.105920755330304428e-01,-1.791403192847061676e-01,-1.301530604407979408e-01,-6.842551321124951125e-02,0.000000000000000000e+00
0.000000000000000000e+00,6.709878109994210638e-02,1.276294660011240978e-01,1.756668895233375605e-01,2.065088139558179381e-01,2.171362168467908527e-01,2.065088139558179381e-01,1.756668895233375605e-01,1.276294660011240978e-01,6.709878109994206474e-02,-1.411520044185217717e-16,-6.709878109994235618e-02,-1.276294660011244031e-01,-1.756668895233378658e-01,-2.065088139558182712e-01,-2.171362168467911857e-01,-2.065088139558182712e-01,-1.756668895233378103e-01,-1.276294660011242921e-01,-6.709878109994223128e-02,0.000000000000000000e+00
0.000000000000000000e+00,6.579777357603748544e-02,1.251548026344070363e-01,1.722608076061358795e-01,2.025047245177555300e-01,2.129260680601967881e-01,2.025047245177555300e-01,1.722608076061358795e-01,1.251548026344070363e-01,6.579777357603741605e-02,-1.439548052430798210e-16,-6.579777357603772137e-02,-1.251548026344073694e-01,-1.722608076061362126e-01,-2.025047245177558630e-01,-2.129260680601971489e-01,-2.025047245177558630e-01,-1.722608076061361571e-01,-1.251548026344072584e-01,-6.579777357603759647e-02,0.000000000000000000e+00
0.000000000000000000e+00,6.452199185429363659e-02,1.227281215947375603e-01,1.689207676963846161e-01,1.985782721157153541e-01,2.087975516841819590e-01,1.985782721157153541e-01,1.689207676963846438e-01,1.227281215947375603e-01,6.452199185429356720e-02,-1.470909291313356528e-16,-6.452199185429387251e-02,-1.227281215947378934e-01,-1.689207676963849492e-01,-1.985782721157157149e-01,-2.087975516841822921e-01,-1.985782721157157149e-01,-1.689207676963849214e-01,-1.227281215947377824e-01,-6.452199185429374761e-02,0.000000000000000000e+00
0.000000000000000000e+00,6.327094682063323650e-02,1.203484925318547283e-01,1.656454892768048914e-01,1.947279514113538501e-01,2.047490849123433376e-01,1.947279514113538501e-01,1.656454892768049469e-01,1.203484925318547283e-01,6.327094682063315323e-02,-1.495263528134519599e-16,-6.327094682063347242e-02,-1.203484925318550613e-01,-1.656454892768052800e-01,-1.947279514113542387e-01,-2.047490849123437262e-01,-1.947279514113542387e-01,-1.656454892768052245e-01,-1.203484925318549503e-01,-6.327094682063334752e-02,0.000000000000000000e+00
0.000000000000000000e+00,6.204415884462505942e-02,1.180150031344645023e-01,1.624337166586258263e-01,1.909522862539889398e-01,2.007791156280014921e-01,1.909522862539889398e-01,1.624337166586258263e-01,1.180150031344644745e-01,6.204415884462498310e-02,-1.542135116064637399e-16,-6.204415884462530228e-02,-1.180150031344648354e-01,-1.624337166586261871e-01,-1.909522862539893284e-01,-2.007791156280018807e-01,-1.909522862539893284e-01,-1.624337166586261316e-01,-1.180150031344647243e-01,-6.204415884462517738e-02,0.000000000000000000e+00
0.000000000000000000e+00,6.084115759560146386e-02,1.157267587804743092e-01,1.592842185001734912e-01,1.872498291146677540e-01,1.968861218091439991e-01,1.872498291146677540e-01,1.592842185001734912e-01,1.157267587804742814e-01,6.084115759560138059e-02,-1.582918144789464494e-16,-6.084115759560171366e-02,-1.157267587804746423e-01,-1.592842185001738242e-01,-1.872498291146681426e-01,-1.968861218091443877e-01,-1.872498291146681426e-01,-1.592842185001737687e-01,-1.157267587804745312e-01,-6.084115759560157488e-02,0.000000000000000000e+00
0.000000000000000000e+00,5.966148186234118689e-02,1.134828821940094268e-01,1.561957873347946113e-01,1.836191605312074704e-01,1.930686109449068488e-01,1.836191605312074704e-01,1.561957873347946391e-01,1.134828821940093851e-01,5.966148186234111056e-02,-1.611983276531761953e-16,-5.966148186234143669e-02,-1.134828821940097321e-01,-1.561957873347949999e-01,-1.836191605312078590e-01,-1.930686109449072374e-01,-1.836191605312078590e-01,-1.561957873347949166e-01,-1.134828821940096211e-01,-5.966148186234129791e-02,0.000000000000000000e+00
0.000000000000000000e+00,5.850467937624845294e-02,1.112825131090795505e-01,1.531672391079334505e-01,1.800588885639964332e-01,1.893251194633699952e-01,1.800588885639964609e-01,1.531672391079334505e-01,1.112825131090795228e-01,5.850467937624836967e-02,-1.628250565878887515e-16,-5.850467937624870274e-02,-1.112825131090798558e-01,-1.531672391079338391e-01,-1.800588885639968495e-01,-1.893251194633703838e-01,-1.800588885639968217e-01,-1.531672391079337558e-01,-1.112825131090797587e-01,-5.850467937624855702e-02,0.000000000000000000e+00
0.000000000000000000e+00,5.737030663796047203e-02,1.091248079397668380e-01,1.501974127231842093e-01,1.765676482623471100e-01,1.856542121704475024e-01,1.765676482623471100e-01,1.501974127231842093e-01,1.091248079397667825e-01,5.737030663796038876e-02,-1.636384210552450295e-16,-5.737030663796072183e-02,-1.091248079397671294e-01,-1.501974127231845979e-01,-1.765676482623474985e-01,-1.856542121704479187e-01,-1.765676482623474985e-01,-1.501974127231845424e-01,-1.091248079397670323e-01,-5.737030663796058305e-02,0.000000000000000000e+00
0.000000000000000000e+00,5.625792874731699866e-02,1.070089394568085606e-01,1.472851695971456598e-01,1.731441011411959385e-01,1.820544816996573778e-01,1.731441011411959385e-01,1.472851695971456598e-01,1.070089394568085051e-01,5.625792874731690152e-02,-1.657798267648999757e-16,-5.625792874731724152e-02,-1.070089394568088659e-01,-1.472851695971460484e-01,-1.731441011411963271e-01,-1.820544816996577664e-01,-1.731441011411963271e-01,-1.472851695971459929e-01,-1.070089394568087549e-01,-5.625792874731709581e-02,0.000000000000000000e+00
0.000000000000000000e+00,5.516711923662660777e-02,1.049340964704509049e-01,1.444293932229065991e-01,1.697869346679499181e-01,1.785245479725599826e-01,1.697869346679499181e-01,1.444293932229065713e-01,1.049340964704508494e-01,5.516711923662650369e-02,-1.668505296197274487e-16,-5.516711923662684369e-02,-1.049340964704512102e-01,-1.444293932229069322e-01,-1.697869346679503066e-01,-1.785245479725603712e-01,-1.697869346679503066e-01,-1.444293932229068766e-01,-1.049340964704510992e-01,-5.516711923662669798e-02,0.000000000000000000e+00
0.000000000000000000e+00,5.409745990716589847e-02,1.028994835194518703e-01,1.416289887419950322e-01,1.664948617592827973e-01,1.750630576696582952e-01,1.664948617592827695e-01,1.416289887419950322e-01,1.028994835194518287e-01,5.409745990716579439e-02,-1.682532427851295888e-16,-5.409745990716613440e-02,-1.028994835194521756e-01,-1.416289887419953930e-01,-1.664948617592831581e-01,-1.750630576696586838e-01,-1.664948617592831304e-01,-1.416289887419953097e-01,-1.028994835194520646e-01,-5.409745990716598868e-02,0.000000000000000000e+00
0.000000000000000000e+00,5.304854066884887032e-02,1.009043205661143694e-01,1.388828825246274379e-01,1.632666202876880690e-01,1.716686837115571074e-01,1.632666202876880690e-01,1.388828825246274379e-01,1.009043205661143278e-01,5.304854066884876623e-02,-1.706893228438074660e-16,-5.304854066884911318e-02,-1.009043205661146747e-01,-1.388828825246277709e-01,-1.632666202876884576e-01,-1.716686837115575237e-01,-1.632666202876884021e-01,-1.388828825246277154e-01,-1.009043205661145637e-01,-5.304854066884896746e-02,0.000000000000000000e+00
0.000000000000000000e+00,5.201995938300502109e-02,9.894784269723229386e-02,1.361900217580961914e-01,1.601009725975999221e-01,1.683401247501822851e-01,1.601009725975999221e-01,1.361900217580961914e-01,9.894784269723225223e-02,5.201995938300492395e-02,-1.727747246111347957e-16,-5.201995938300527089e-02,-9.894784269723261305e-02,-1.361900217580965244e-01,-1.601009725976003106e-01,-1.683401247501827014e-01,-1.601009725976002551e-01,-1.361900217580964689e-01,-9.894784269723250203e-02,-5.201995938300512518e-02,0.000000000000000000e+00
0.000000000000000000e+00,5.101132170820588119e-02,9.702929983083524723e-02,1.335493740431383525e-01,1.569967050308958556e-01,1.650761046698649148e-01,1.569967050308958556e-01,1.335493740431383247e-01,9.702929983083520560e-02,5.101132170820577016e-02,-1.731235361044077526e-16,-5.101132170820612405e-02,-9.702929983083556642e-02,-1.335493740431386855e-01,-1.569967050308962442e-01,-1.650761046698653034e-01,-1.569967050308961887e-01,-1.335493740431386300e-01,-9.702929983083546928e-02,-5.101132170820597833e-02,0.000000000000000000e+00
0.000000000000000000e+00,5.002224094908084423e-02,9.514795642861920144e-02,1.309599269981304714e-01,1.539526274615999335e-01,1.618753720980992128e-01,1.539526274615999335e-01,1.309599269981304159e-01,9.514795642861917369e-02,5.002224094908074015e-02,-1.752928738484175567e-16,-5.002224094908108709e-02,-9.514795642861953451e-02,-1.309599269981308045e-01,-1.539526274616003221e-01,-1.618753720980996014e-01,-1.539526274616002666e-01,-1.309599269981307490e-01,-9.514795642861942349e-02,-5.002224094908094831e-02,0.000000000000000000e+00
0.000000000000000000e+00,4.905233790806449307e-02,9.330309121395302663e-02,1.284206878709577837e-01,1.509675728396077110e-01,1.587366999257865396e-01,1.509675728396076833e-01,1.284206878709577282e-01,9.330309121395299887e-02,4.905233790806438204e-02,-1.758571256776294339e-16,-4.905233790806473593e-02,-9.330309121395335969e-02,-1.284206878709581168e-01,-1.509675728396080718e-01,-1.587366999257869005e-01,-1.509675728396080441e-01,-1.284206878709580613e-01,-9.330309121395324867e-02,-4.905233790806459715e-02,0.000000000000000000e+00
0.000000000000000000e+00,4.810124074001833477e-02,9.149399689535270275e-02,1.259306831584091624e-01,1.480403967432580570e-01,1.556588848367816413e-01,1.480403967432580292e-01,1.259306831584091346e-01,9.149399689535267499e-02,4.810124074001822375e-02,-1.763994601136318788e-16,-4.810124074001857764e-02,-9.149399689535302194e-02,-1.259306831584094954e-01,-1.480403967432584178e-01,-1.556588848367819744e-01,-1.480403967432583900e-01,-1.259306831584094399e-01,-9.149399689535292479e-02,-4.810124074001843886e-02,0.000000000000000000e+00
0.000000000000000000e+00,4.716858480967139888e-02,8.971997989531717288e-02,1.234889582329517510e-01,1.451699769405804252e-01,1.526407468465606487e-01,1.451699769405804252e-01,1.234889582329517094e-01,8.971997989531713125e-02,4.716858480967129480e-02,-1.766706273316331012e-16,-4.716858480967164868e-02,-8.971997989531747819e-02,-1.234889582329520841e-01,-1.451699769405807861e-01,-1.526407468465609818e-01,-1.451699769405807583e-01,-1.234889582329520008e-01,-8.971997989531738105e-02,-4.716858480967150991e-02,0.000000000000000000e+00
0.000000000000000000e+00,4.625401255182499949e-02,8.798036008442197686e-02,1.210945769767421132e-01,1.423552129590493209e-01,1.496811288498341996e-01,1.423552129590493487e-01,1.210945769767420854e-01,8.798036008442192135e-02,4.625401255182488847e-02,-1.763725300716394983e-16,-4.625401255182523541e-02,-8.798036008442228217e-02,-1.210945769767424463e-01,-1.423552129590496818e-01,-1.496811288498345327e-01,-1.423552129590496540e-01,-1.210945769767423630e-01,-8.798036008442217115e-02,-4.625401255182509663e-02,0.000000000000000000e+00
0.000000000000000000e+00,4.535717333426795422e-02,8.627447052056862187e-02,1.187466214227339001e-01,1.395950256636808717e-01,1.467788961769319056e-01,1.395950256636808717e-01,1.187466214227339001e-01,8.627447052056858023e-02,4.535717333426784320e-02,-1.763969537892403800e-16,-4.535717333426819708e-02,-8.627447052056894106e-02,-1.187466214227342332e-01,-1.395950256636812326e-01,-1.467788961769322387e-01,-1.395950256636812048e-01,-1.187466214227341638e-01,-8.627447052056883003e-02,-4.535717333426805831e-02,0.000000000000000000e+00
0.000000000000000000e+00,4.447772332334994777e-02,8.460165719328979761e-02,1.164441914027440905e-01,1.368883568433099385e-01,1.439329361587882994e-01,1.368883568433099107e-01,1.164441914027440905e-01,8.460165719328975598e-02,4.447772332334983675e-02,-1.771030550384315536e-16,-4.447772332335019063e-02,-8.460165719329010292e-02,-1.164441914027444236e-01,-1.368883568433102993e-01,-1.439329361587886325e-01,-1.368883568433102715e-01,-1.164441914027443542e-01,-8.460165719328999190e-02,-4.447772332335005185e-02,0.000000000000000000e+00
0.000000000000000000e+00,4.361532535216122025e-02,8.296127877301227860e-02,1.141864042023430503e-01,1.342341688048890314e-01,1.411421577003636463e-01,1.342341688048890314e-01,1.141864042023430503e-01,8.296127877301223696e-02,4.361532535216110229e-02,-1.774561056630271281e-16,-4.361532535216146311e-02,-8.296127877301258391e-02,-1.141864042023433834e-01,-1.342341688048894199e-01,-1.411421577003640071e-01,-1.342341688048893644e-01,-1.141864042023433140e-01,-8.296127877301247289e-02,-4.361532535216132433e-02,0.000000000000000000e+00
